Library,month,enquiries,visits,issues,sessions
Blakelaw,2008-04,312,1768,1048,39%
City,2008-04,4865,16326,4490,69%
Cruddas Park,2008-04,,2175,1477,47%
Denton Burn,2008-04,3324,5672,4292,36%
Dinnington,2008-04,160,425,952,18%
East End,2008-04,3094,26758,14443,65%
Fawdon,2008-04,680,1005,998,42%
Fenham,2008-04,,12831,11273,55%
Gosforth,2008-04,3722,24540,21548,55%
High Heaton,2008-04,,0,70,
Jesmond,2008-04,2128,12165,7429,57%
Kenton,2008-04,1365,3679,4523,53%
Moorside,2008-04,182,1166,1364,67%
Newbiggin Hall,2008-04,828,3003,2094,43%
Newburn,2008-04,659,2838,2639,36%
Outer West,2008-04,1291,16873,11375,29%
Walker,2008-04,1790,3159,2602,59%
West End,2008-04,1863,4979,2274,77%
Blakelaw,2008-05,399,1820,1017,31%
City,2008-05,4564,19763,4424,67%
Cruddas Park,2008-05,815,2799,1457,48%
Denton Burn,2008-05,1785,3488,4276,33%
Dinnington,2008-05,91,377,1005,20%
East End,2008-05,3623,25515,13141,53%
Fawdon,2008-05,568,1127,1300,37%
Fenham,2008-05,1391,4338,8564,46%
Gosforth,2008-05,2994,22024,20575,49%
High Heaton,2008-05,,0,57,
Jesmond,2008-05,2518,11865,7213,57%
Kenton,2008-05,1079,3683,3995,49%
Moorside,2008-05,433,1785,1717,69%
Newbiggin Hall,2008-05,689,1872,2122,28%
Newburn,2008-05,373,1395,2568,29%
Outer West,2008-05,,14800,10871,23%
Walker,2008-05,667,4134,2736,58%
West End,2008-05,,5789,2054,66%
Blakelaw,2008-06,399,1820,1042,33%
City,2008-06,4636,16439,4606,76%
Cruddas Park,2008-06,815,2799,1377,46%
Denton Burn,2008-06,1785,3488,3925,31%
Dinnington,2008-06,91,377,1038,28%
East End,2008-06,3623,25515,13661,56%
Fawdon,2008-06,568,1127,1425,44%
Fenham,2008-06,1391,4338,8535,47%
Gosforth,2008-06,2994,21491,20987,55%
High Heaton,2008-06,,0,99,
Jesmond,2008-06,2518,11374,6826,58%
Kenton,2008-06,1079,3683,4095,47%
Moorside,2008-06,433,1785,1246,61%
Newbiggin Hall,2008-06,689,1872,1976,30%
Newburn,2008-06,373,1395,2323,31%
Outer West,2008-06,,14800,10743,24%
Walker,2008-06,667,4134,3066,56%
West End,2008-06,,5789,2109,71%
Blakelaw,2008-07,399,1820,911,37%
City,2008-07,5941,16118,5709,75%
Cruddas Park,2008-07,815,2799,1697,48%
Denton Burn,2008-07,1785,3488,4544,36%
Dinnington,2008-07,91,377,933,29%
East End,2008-07,3623,23496,13989,60%
Fawdon,2008-07,568,1127,1199,41%
Fenham,2008-07,1391,4338,9464,50%
Gosforth,2008-07,2994,22084,21823,58%
High Heaton,2008-07,,0,78,
Jesmond,2008-07,2518,12712,7774,61%
Kenton,2008-07,1079,3683,4440,44%
Moorside,2008-07,433,1785,1664,69%
Newbiggin Hall,2008-07,689,1872,2477,35%
Newburn,2008-07,373,1395,2567,38%
Outer West,2008-07,,16171,11805,32%
Walker,2008-07,667,4134,3526,58%
West End,2008-07,,5789,2512,72%
Blakelaw,2008-08,277,1777,919,36%
City,2008-08,5680,21817,4555,75%
Cruddas Park,2008-08,659,2201,1749,54%
Denton Burn,2008-08,3133,6695,5068,43%
Dinnington,2008-08,191,524,1118,24%
East End,2008-08,2717,29279,15210,72%
Fawdon,2008-08,490,1465,1325,42%
Fenham,2008-08,940,3887,9414,50%
Gosforth,2008-08,3722,24263,23465,63%
High Heaton,2008-08,,0,0,
Jesmond,2008-08,1287,12538,7784,68%
Kenton,2008-08,1634,3016,4906,43%
Moorside,2008-08,164,958,1670,78%
Newbiggin Hall,2008-08,650,2938,2310,44%
Newburn,2008-08,572,2258,2899,42%
Outer West,2008-08,1382,16313,12534,32%
Walker,2008-08,793,3302,3211,63%
West End,2008-08,2084,5105,2758,66%
Blakelaw,2008-09,277,1777,1037,58%
City,2008-09,6319,17531,4028,72%
Cruddas Park,2008-09,659,2201,1522,40%
Denton Burn,2008-09,3133,6695,4366,33%
Dinnington,2008-09,191,524,948,31%
East End,2008-09,2717,28880,13767,68%
Fawdon,2008-09,490,1465,1745,40%
Fenham,2008-09,940,3887,9527,50%
Gosforth,2008-09,3722,23564,21263,62%
High Heaton,2008-09,,4472,3420,
Jesmond,2008-09,1287,13183,7160,69%
Kenton,2008-09,1634,3016,4317,44%
Moorside,2008-09,164,958,1504,63%
Newbiggin Hall,2008-09,650,2938,2257,34%
Newburn,2008-09,572,2258,2686,32%
Outer West,2008-09,1382,15864,12128,30%
Walker,2008-09,793,3302,2763,58%
West End,2008-09,2084,5105,2417,64%
Blakelaw,2008-10,277,1777,1280,66%
City,2008-10,6113,17106,3716,74%
Cruddas Park,2008-10,659,2201,1563,44%
Denton Burn,2008-10,3133,6695,4553,29%
Dinnington,2008-10,191,524,1146,37%
East End,2008-10,2717,26005,13182,67%
Fawdon,2008-10,490,1465,1269,50%
Fenham,2008-10,940,3887,9344,48%
Gosforth,2008-10,3722,24827,21313,63%
High Heaton,2008-10,,6996,6330,38%
Jesmond,2008-10,1287,13183,6982,60%
Kenton,2008-10,1634,3016,4548,46%
Moorside,2008-10,164,958,1605,71%
Newbiggin Hall,2008-10,650,2938,2391,38%
Newburn,2008-10,572,2258,2851,34%
Outer West,2008-10,1382,16970,12302,29%
Walker,2008-10,793,3302,2948,53%
West End,2008-10,2084,5105,2115,65%
Blakelaw,2008-11,368,2695,1020,63%
City,2008-11,5202,14476,3167,66%
Cruddas Park,2008-11,672,2726,1498,51%
Denton Burn,2008-11,1140,6790,3729,34%
Dinnington,2008-11,139,407,991,36%
East End,2008-11,2795,23669,11794,58%
Fawdon,2008-11,,1465,797,22%
Fenham,2008-11,1127,6192,8222,48%
Gosforth,2008-11,2778,19838,19264,57%
High Heaton,2008-11,,6996,5620,38%
Jesmond,2008-11,1408,10647,6766,55%
Kenton,2008-11,1218,3891,3998,43%
Moorside,2008-11,134,949,1318,70%
Newbiggin Hall,2008-11,962,2041,1995,34%
Newburn,2008-11,620,1517,2459,33%
Outer West,2008-11,1595,15413,10535,26%
Walker,2008-11,706,4481,2449,46%
West End,2008-11,3527,25211,3601,28%
Blakelaw,2008-12,368,2695,644,40%
City,2008-12,4038,14622,2989,57%
Cruddas Park,2008-12,672,2726,909,41%
Denton Burn,2008-12,1140,4701,2865,23%
Dinnington,2008-12,139,407,616,26%
East End,2008-12,2795,23669,10131,58%
Fawdon,2008-12,,2506,1122,29%
Fenham,2008-12,1127,6192,8130,41%
Gosforth,2008-12,2778,17525,15364,51%
High Heaton,2008-12,,6996,3823,28%
Jesmond,2008-12,1408,8574,5682,44%
Kenton,2008-12,1218,3891,3151,34%
Moorside,2008-12,134,949,1048,49%
Newbiggin Hall,2008-12,962,2041,1569,26%
Newburn,2008-12,620,1517,1946,26%
Outer West,2008-12,1595,13280,9039,20%
Walker,2008-12,706,3772,1956,39%
West End,2008-12,3527,20321,3745,56%
Blakelaw,2009-01,368,2695,895,53%
City,2009-01,4882,12621,5583,66%
Cruddas Park,2009-01,672,2726,1566,42%
Denton Burn,2009-01,1140,3980,4018,34%
Dinnington,2009-01,139,407,1010,35%
East End,2009-01,2795,23669,12040,62%
Fawdon,2009-01,,1806,1190,34%
Fenham,2009-01,1127,6192,8844,49%
Gosforth,2009-01,2778,23480,19692,63%
High Heaton,2009-01,,6996,5706,33%
Jesmond,2009-01,1408,11430,6692,57%
Kenton,2009-01,1218,3891,3997,40%
Moorside,2009-01,134,949,1298,53%
Newbiggin Hall,2009-01,962,1420,2070,25%
Newburn,2009-01,620,1517,2725,33%
Outer West,2009-01,1595,15484,10376,27%
Walker,2009-01,706,3772,2930,48%
West End,2009-01,3527,23957,4641,62%
Blakelaw,2009-02,195,2067,829,68%
City,2009-02,5043,12683,2910,67%
Cruddas Park,2009-02,503,2533,1352,53%
Denton Burn,2009-02,780,5980,3687,33%
Dinnington,2009-02,152,429,933,37%
East End,2009-02,3627,26838,11371,60%
Fawdon,2009-02,472,2219,1133,41%
Fenham,2009-02,1192,5352,7436,51%
Gosforth,2009-02,4368,20787,17932,65%
High Heaton,2009-02,1660,4889,5791,34%
Jesmond,2009-02,1248,9863,6554,56%
Kenton,2009-02,1300,2886,3782,44%
Moorside,2009-02,286,1625,1441,65%
Newbiggin Hall,2009-02,563,1767,2007,28%
Newburn,2009-02,659,2145,2888,34%
Outer West,2009-02,945,13785,9877,26%
Walker,2009-02,919,4081,2811,54%
West End,2009-02,2266,23671,5252,66%
Blakelaw,2009-03,195,2067,984,66%
City,2009-03,5302,14914,3594,77%
Cruddas Park,2009-03,503,3010,1267,54%
Denton Burn,2009-03,780,6627,4121,36%
Dinnington,2009-03,152,429,917,33%
East End,2009-03,3627,26328,12341,58%
Fawdon,2009-03,472,1852,1248,34%
Fenham,2009-03,1192,5352,7559,54%
Gosforth,2009-03,4368,21917,18988,60%
High Heaton,2009-03,1660,5558,5483,35%
Jesmond,2009-03,1248,11340,6640,58%
Kenton,2009-03,1300,2886,4053,47%
Moorside,2009-03,286,1625,1097,48%
Newbiggin Hall,2009-03,563,1352,2266,32%
Newburn,2009-03,659,2145,2794,32%
Outer West,2009-03,945,15440,11082,24%
Walker,2009-03,919,3668,3053,53%
West End,2009-03,2266,24605,5180,68%
Blakelaw,2009-04,195,2067,768,47%
City,2009-04,1311,4685,1819,82%
Cruddas Park,2009-04,503,2775,1517,53%
Denton Burn,2009-04,780,6154,4516,37%
Dinnington,2009-04,152,429,873,29%
East End,2009-04,3627,19596,11795,63%
Fawdon,2009-04,472,1990,1307,40%
Fenham,2009-04,1192,5352,7366,55%
Gosforth,2009-04,4368,20620,18323,56%
High Heaton,2009-04,1660,4625,5361,44%
Jesmond,2009-04,1248,10224,6819,49%
Kenton,2009-04,1300,2886,3966,51%
Moorside,2009-04,286,1625,1132,63%
Newbiggin Hall,2009-04,563,1865,1955,31%
Newburn,2009-04,659,2145,2181,36%
Outer West,2009-04,945,15127,11390,25%
Walker,2009-04,919,3045,2314,57%
West End,2009-04,2266,22864,5123,62%
Blakelaw,2009-05,225,1837,793,50%
City,2009-05,2197,15482,1786,
Cruddas Park,2009-05,533,2615,1023,55%
Denton Burn,2009-05,1326,5606,4166,35%
Dinnington,2009-05,147,524,1073,42%
East End,2009-05,2986,26960,11494,70%
Fawdon,2009-05,442,2318,1146,55%
Fenham,2009-05,1543,4845,7555,75%
Gosforth,2009-05,3354,20440,18318,58%
High Heaton,2009-05,2071,2656,5100,40%
Jesmond,2009-05,1530,11452,6075,80%
Kenton,2009-05,1278,4567,3738,46%
Moorside,2009-05,472,1226,1522,62%
Newbiggin Hall,2009-05,2929,1870,1931,30%
Newburn,2009-05,546,2301,2395,32%
Outer West,2009-05,1421,13867,10737,22%
Walker,2009-05,1400,2735,2161,46%
West End,2009-05,2331,23513,4476,61%
Blakelaw,2009-06,225,1837,1107,56%
City,2009-06,1805,93851,43772,39%
Cruddas Park,2009-06,533,2705,1281,42%
Denton Burn,2009-06,1326,5606,4169,36%
Dinnington,2009-06,147,524,1104,34%
East End,2009-06,2986,17894,10268,58%
Fawdon,2009-06,442,2006,1183,28%
Fenham,2009-06,1543,4845,6792,44%
Gosforth,2009-06,3354,21056,17402,52%
High Heaton,2009-06,2071,2656,4803,31%
Jesmond,2009-06,1530,7631,5274,52%
Kenton,2009-06,1278,4567,3429,45%
Moorside,2009-06,472,1226,1165,52%
Newbiggin Hall,2009-06,2929,2070,1889,29%
Newburn,2009-06,546,2301,2242,30%
Outer West,2009-06,1421,16223,10475,22%
Walker,2009-06,1400,4159,2416,47%
West End,2009-06,2331,25186,5143,61%
Blakelaw,2009-07,225,1837,1011,51%
City,2009-07,25114,114963,56618,58%
Cruddas Park,2009-07,533,2869,1164,46%
Denton Burn,2009-07,1326,5606,6117,31%
Dinnington,2009-07,147,524,1170,46%
East End,2009-07,2986,26262,10268,60%
Fawdon,2009-07,442,2700,1196,39%
Fenham,2009-07,1543,4845,6135,42%
Gosforth,2009-07,3354,20941,18827,52%
High Heaton,2009-07,2071,2656,5595,32%
Jesmond,2009-07,1530,8155,6167,51%
Kenton,2009-07,1278,4567,4204,43%
Moorside,2009-07,472,1226,1583,60%
Newbiggin Hall,2009-07,2929,2281,2078,29%
Newburn,2009-07,546,2301,2526,30%
Outer West,2009-07,1421,16647,10840,25%
Walker,2009-07,1400,3738,2666,50%
West End,2009-07,2331,26435,6328,63%
Blakelaw,2009-08,407,2496,967,60%
City,2009-08,30014,107539,56341,62%
Cruddas Park,2009-08,650,2836,1085,51%
Denton Burn,2009-08,2141,7042,5256,36%
Dinnington,2009-08,204,576,974,35%
East End,2009-08,2535,22831,9411,57%
Fawdon,2009-08,260,2617,1111,43%
Fenham,2009-08,1421,4216,5789,49%
Gosforth,2009-08,2526,19776,18353,54%
High Heaton,2009-08,1421,4719,5201,36%
Jesmond,2009-08,732,7832,5188,31%
Kenton,2009-08,1153,4489,4044,46%
Moorside,2009-08,165,802,1278,64%
Newbiggin Hall,2009-08,2370,2251,2155,35%
Newburn,2009-08,763,2435,2474,35%
Outer West,2009-08,1330,17351,11012,28%
Walker,2009-08,1027,3576,2240,45%
West End,2009-08,6396,24338,5256,71%
Blakelaw,2009-09,407,2496,801,49%
City,2009-09,33837,102683,52201,63%
Cruddas Park,2009-09,650,2658,1227,40%
Denton Burn,2009-09,2141,7042,4463,32%
Dinnington,2009-09,204,576,991,34%
East End,2009-09,2535,22831,9356,52%
Fawdon,2009-09,260,2142,1213,32%
Fenham,2009-09,1421,4216,6003,44%
Gosforth,2009-09,2526,18309,17519,53%
High Heaton,2009-09,1421,4726,5107,39%
Jesmond,2009-09,732,8670,4850,58%
Kenton,2009-09,1153,4489,4116,46%
Moorside,2009-09,165,802,1066,48%
Newbiggin Hall,2009-09,2370,2421,2094,38%
Newburn,2009-09,763,2435,2089,30%
Outer West,2009-09,1330,16291,10811,27%
Walker,2009-09,1027,3956,2611,38%
West End,2009-09,6396,25584,4509,69%
Blakelaw,2009-10,407,2496,1094,49%
City,2009-10,34655,109229,54330,62%
Cruddas Park,2009-10,650,2561,1111,52%
Denton Burn,2009-10,2141,7042,4670,42%
Dinnington,2009-10,204,576,1179,34%
East End,2009-10,2535,22831,9936,65%
Fawdon,2009-10,260,2595,1363,32%
Fenham,2009-10,1421,4216,7637,35%
Gosforth,2009-10,2526,16367,17386,53%
High Heaton,2009-10,1421,4848,5163,39%
Jesmond,2009-10,732,8828,5756,45%
Kenton,2009-10,1153,4489,3962,44%
Moorside,2009-10,165,802,925,48%
Newbiggin Hall,2009-10,2370,2473,2042,39%
Newburn,2009-10,763,2435,2343,30%
Outer West,2009-10,1330,17345,11098,27%
Walker,2009-10,1027,3803,2133,43%
West End,2009-10,6396,27157,4529,72%
Blakelaw,2009-11,312,1755,1017,56%
City,2009-11,30563,96066,44899,61%
Cruddas Park,2009-11,576,2452,1144,53%
Denton Burn,2009-11,1911,7510,5240,39%
Dinnington,2009-11,126,485,1064,25%
East End,2009-11,3904,19726,8732,61%
Fawdon,2009-11,321,2622,1111,35%
Fenham,2009-11,1465,3441,6249,33%
Gosforth,2009-11,2184,20386,15811,49%
High Heaton,2009-11,1183,5020,4301,42%
Jesmond,2009-11,672,7939,4517,43%
Kenton,2009-11,1430,5785,3667,40%
Moorside,2009-11,130,884,950,24%
Newbiggin Hall,2009-11,2379,2529,1786,40%
Newburn,2009-11,572,1985,2051,33%
Outer West,2009-11,2063,16747,9948,37%
Walker,2009-11,1005,3696,1954,40%
West End,2009-11,3627,25539,3463,60%
Blakelaw,2009-12,312,1755,425,39%
City,2009-12,22588,80784,41417,57%
Cruddas Park,2009-12,576,2119,1119,40%
Denton Burn,2009-12,1911,7510,3371,28%
Dinnington,2009-12,126,485,944,21%
East End,2009-12,3904,14125,6505,59%
Fawdon,2009-12,321,2271,1009,42%
Fenham,2009-12,1465,3441,4052,24%
Gosforth,2009-12,2184,15421,12195,40%
High Heaton,2009-12,1183,3358,3508,32%
Jesmond,2009-12,672,5216,4521,36%
Kenton,2009-12,1430,5785,3100,36%
Moorside,2009-12,130,884,1028,26%
Newbiggin Hall,2009-12,2379,1817,1264,34%
Newburn,2009-12,572,1985,2070,20%
Outer West,2009-12,2063,12345,7970,35%
Walker,2009-12,1005,3322,1718,42%
West End,2009-12,3627,21195,2753,61%
Blakelaw,2010-01,312,1755,745,41%
City,2010-01,31372,87343,47498,62%
Cruddas Park,2010-01,576,2257,1252,45%
Denton Burn,2010-01,1911,7510,4782,38%
Dinnington,2010-01,126,485,1155,29%
East End,2010-01,3904,17529,8934,68%
Fawdon,2010-01,321,2113,1168,44%
Fenham,2010-01,1465,3441,5753,31%
Gosforth,2010-01,2184,18420,14429,48%
High Heaton,2010-01,1183,4221,4530,32%
Jesmond,2010-01,672,7607,5345,45%
Kenton,2010-01,1430,5785,3089,37%
Moorside,2010-01,130,884,1072,30%
Newbiggin Hall,2010-01,2379,1961,1761,38%
Newburn,2010-01,572,1985,2255,23%
Outer West,2010-01,2063,14450,9333,37%
Walker,2010-01,1005,2709,2197,45%
West End,2010-01,3627,24324,3344,63%
Blakelaw,2010-02,160,1534,912,53%
City,2010-02,35177,99292,44914,65%
Cruddas Park,2010-02,780,2367,1191,49%
Denton Burn,2010-02,1430,5568,3980,44%
Dinnington,2010-02,130,420,1080,32%
East End,2010-02,4719,18748,9117,73%
Fawdon,2010-02,373,2643,1030,54%
Fenham,2010-02,2565,5638,5921,35%
Gosforth,2010-02,3376,19147,15671,54%
High Heaton,2010-02,2271,4433,4476,41%
Jesmond,2010-02,1183,7360,4520,51%
Kenton,2010-02,1369,5265,4136,45%
Moorside,2010-02,208,776,868,42%
Newbiggin Hall,2010-02,2084,3003,1709,49%
Newburn,2010-02,412,1512,2222,30%
Outer West,2010-02,1335,16622,9841,45%
Walker,2010-02,884,2716,1940,53%
West End,2010-02,2188,26947,3581,72%
Blakelaw,2010-03,160,1534,894,46%
City,2010-03,43726,105213,51337,64%
Cruddas Park,2010-03,780,2756,1200,45%
Denton Burn,2010-03,1430,5568,5861,44%
Dinnington,2010-03,130,420,1158,34%
East End,2010-03,4719,18748,9366,69%
Fawdon,2010-03,373,2550,1331,41%
Fenham,2010-03,2565,5638,5627,27%
Gosforth,2010-03,3376,20652,17029,50%
High Heaton,2010-03,2271,4513,4459,39%
Jesmond,2010-03,1183,8480,4660,49%
Kenton,2010-03,1369,5265,3773,44%
Moorside,2010-03,208,776,952,64%
Newbiggin Hall,2010-03,2084,3155,1621,43%
Newburn,2010-03,412,1512,2460,29%
Outer West,2010-03,1335,20150,10744,43%
Walker,2010-03,884,3470,2523,48%
West End,2010-03,2188,29489,3669,75%
Blakelaw,2010-04,30,1534,873,43%
City,2010-04,40324,90227,46706,62%
Cruddas Park,2010-04,287,2749,1218,53%
Denton Burn,2010-04,130,5568,4617,26%
Dinnington,2010-04,29,420,872,26%
East End,2010-04,639,18748,9551,68%
Fawdon,2010-04,141,2140,926,40%
Fenham,2010-04,81,5638,5514,37%
Gosforth,2010-04,1939,18927,15758,48%
High Heaton,2010-04,484,3816,4198,36%
Jesmond,2010-04,379,8022,4532,44%
Kenton,2010-04,361,5265,3448,41%
Moorside,2010-04,24,776,907,54%
Newbiggin Hall,2010-04,42,2749,1550,47%
Newburn,2010-04,71,1512,2121,25%
Outer West,2010-04,418,16172,10058,41%
Walker,2010-04,370,3375,2303,48%
West End,2010-04,237,24002,3404,72%
Blakelaw,2010-05,96,1437,943,42%
City,2010-05,45153,91773,41889,62%
Cruddas Park,2010-05,292,2410,841,49%
Denton Burn,2010-05,331,4988,3522,38%
Dinnington,2010-05,114,529,1161,23%
East End,2010-05,902,19543,8577,61%
Fawdon,2010-05,215,1910,1081,37%
Fenham,2010-05,921,4914,5131,34%
Gosforth,2010-05,1674,22905,14877,47%
High Heaton,2010-05,350,3727,4121,30%
Jesmond,2010-05,457,7662,4643,44%
Kenton,2010-05,375,5421,3421,42%
Moorside,2010-05,255,1114,1049,52%
Newbiggin Hall,2010-05,564,2508,1502,39%
Newburn,2010-05,96,958,2183,22%
Outer West,2010-05,600,15875,9030,39%
Walker,2010-05,317,3778,2245,47%
West End,2010-05,1307,22643,3138,71%
Blakelaw,2010-06,147,1437,882,46%
City,2010-06,40791,94781,42342,61%
Cruddas Park,2010-06,505,3022,1120,46%
Denton Burn,2010-06,666,4988,4288,39%
Dinnington,2010-06,104,529,1186,18%
East End,2010-06,269,17202,8923,61%
Fawdon,2010-06,244,2468,1209,42%
Fenham,2010-06,738,4914,5804,34%
Gosforth,2010-06,1139,21256,15281,45%
High Heaton,2010-06,314,2726,4034,28%
Jesmond,2010-06,511,7222,4617,44%
Kenton,2010-06,310,5421,3822,37%
Moorside,2010-06,257,1114,1028,53%
Newbiggin Hall,2010-06,9,2518,1834,38%
Newburn,2010-06,72,958,1953,19%
Outer West,2010-06,277,16485,9601,38%
Walker,2010-06,265,3296,2168,40%
West End,2010-06,1356,23047,3212,70%
Blakelaw,2010-07,160,1437,1103,48%
City,2010-07,46344,95719,48554,63%
Cruddas Park,2010-07,579,2970,1145,51%
Denton Burn,2010-07,942,4988,4544,40%
Dinnington,2010-07,150,529,1309,28%
East End,2010-07,813,21637,9312,64%
Fawdon,2010-07,217,2907,1163,52%
Fenham,2010-07,795,6715,6730,33%
Gosforth,2010-07,1161,21141,16613,47%
High Heaton,2010-07,298,3448,5387,30%
Jesmond,2010-07,425,9663,5007,49%
Kenton,2010-07,885,5421,4052,41%
Moorside,2010-07,355,1114,1635,64%
Newbiggin Hall,2010-07,47,2605,2316,43%
Newburn,2010-07,308,958,2695,28%
Outer West,2010-07,502,17588,11633,41%
Walker,2010-07,436,3725,2885,47%
West End,2010-07,468,25889,4044,70%
Blakelaw,2010-08,216,1993,972,47%
City,2010-08,44904,95688,47413,64%
Cruddas Park,2010-08,568,2648,1239,45%
Denton Burn,2010-08,1185,6756,4215,41%
Dinnington,2010-08,65,646,900,37%
East End,2010-08,1115,21552,9786,69%
Fawdon,2010-08,232,3625,819,69%
Fenham,2010-08,828,6513,6726,37%
Gosforth,2010-08,1390,20550,16981,47%
High Heaton,2010-08,435,3708,4813,37%
Jesmond,2010-08,397,8109,4662,53%
Kenton,2010-08,972,5802,4038,47%
Moorside,2010-08,260,971,1512,84%
Newbiggin Hall,2010-08,140,3021,2210,45%
Newburn,2010-08,300,1811,2472,26%
Outer West,2010-08,608,19757,10800,43%
Walker,2010-08,569,3769,3297,53%
West End,2010-08,3105,25841,4531,72%
Blakelaw,2010-09,121,1993,799,46%
City,2010-09,44751,95518,45046,64%
Cruddas Park,2010-09,590,2615,997,37%
Denton Burn,2010-09,642,6756,4826,41%
Dinnington,2010-09,120,646,1429,31%
East End,2010-09,401,24465,8423,68%
Fawdon,2010-09,226,2132,1120,57%
Fenham,2010-09,664,6463,6320,35%
Gosforth,2010-09,1128,19595,15755,49%
High Heaton,2010-09,548,3917,4510,38%
Jesmond,2010-09,338,8325,4746,53%
Kenton,2010-09,1035,5802,3728,45%
Moorside,2010-09,397,971,1157,69%
Newbiggin Hall,2010-09,68,3129,1855,38%
Newburn,2010-09,260,1811,2458,23%
Outer West,2010-09,161,12943,9085,44%
Walker,2010-09,409,3192,2547,47%
West End,2010-09,2419,27191,3923,69%
Blakelaw,2010-10,133,1993,759,56%
City,2010-10,44428,99759,47212,62%
Cruddas Park,2010-10,396,2534,929,42%
Denton Burn,2010-10,183,6756,4822,36%
Dinnington,2010-10,69,646,1503,35%
East End,2010-10,119,16406,7310,49%
Fawdon,2010-10,193,2449,1134,51%
Fenham,2010-10,282,6493,5834,34%
Gosforth,2010-10,694,19005,15253,48%
High Heaton,2010-10,357,4543,4579,40%
Jesmond,2010-10,251,8106,5073,43%
Kenton,2010-10,758,5802,3612,49%
Moorside,2010-10,337,971,1174,58%
Newbiggin Hall,2010-10,12,3433,1754,38%
Newburn,2010-10,97,1811,2261,26%
Outer West,2010-10,174,17345,10361,45%
Walker,2010-10,249,3391,2813,47%
West End,2010-10,1158,26096,3507,69%
Blakelaw,2010-11,1054,1547,671,43%
City,2010-11,37616,93160,37609,58%
Cruddas Park,2010-11,1430,2700,1232,37%
Denton Burn,2010-11,2587,5425,3385,36%
Dinnington,2010-11,310,524,1239,23%
East End,2010-11,4838,17924,8008,56%
Fawdon,2010-11,753,2221,1297,45%
Fenham,2010-11,2640,5655,5460,29%
Gosforth,2010-11,3368,18303,12976,44%
High Heaton,2010-11,1826,3610,3514,35%
Jesmond,2010-11,1655,7953,4335,40%
Kenton,2010-11,2423,5113,3274,41%
Moorside,2010-11,485,598,1382,44%
Newbiggin Hall,2010-11,422,3653,1456,35%
Newburn,2010-11,694,1482,2014,21%
Outer West,2010-11,4325,13000,8809,39%
Walker,2010-11,1805,3078,2863,42%
West End,2010-11,3948,23424,3008,61%
Blakelaw,2010-12,708,1547,512,33%
City,2010-12,46169,73549,37543,48%
Cruddas Park,2010-12,882,1757,682,35%
Denton Burn,2010-12,2424,3808,3384,20%
Dinnington,2010-12,168,524,791,9%
East End,2010-12,3884,12473,6484,49%
Fawdon,2010-12,418,1815,847,35%
Fenham,2010-12,283,0,375,4%
Gosforth,2010-12,2536,12951,10740,32%
High Heaton,2010-12,1419,2506,2938,24%
Jesmond,2010-12,1407,4860,3148,29%
Kenton,2010-12,1542,5113,2755,33%
Moorside,2010-12,358,598,1001,38%
Newbiggin Hall,2010-12,17,0,169,3%
Newburn,2010-12,340,1482,1472,11%
Outer West,2010-12,3647,13000,7643,31%
Walker,2010-12,1072,2154,1330,26%
West End,2010-12,3567,19439,1749,54%
Blakelaw,2011-01,1049,1547,831,35%
City,2011-01,38512,88713,39156,55%
Cruddas Park,2011-01,1024,2359,1101,34%
Denton Burn,2011-01,3283,5995,4955,32%
Dinnington,2011-01,390,524,1424,34%
East End,2011-01,5487,15822,8988,59%
Fawdon,2011-01,570,2541,1079,40%
Fenham,2011-01,,0,0,0%
Gosforth,2011-01,3621,15268,13674,44%
High Heaton,2011-01,1903,3727,4109,28%
Jesmond,2011-01,1950,7178,4265,39%
Kenton,2011-01,1895,5113,3336,38%
Moorside,2011-01,314,598,1046,40%
Newbiggin Hall,2011-01,,3653,1405,29%
Newburn,2011-01,659,1482,2092,18%
Outer West,2011-01,3737,11613,9718,37%
Walker,2011-01,1966,3546,2425,39%
West End,2011-01,3035,22614,3267,58%
Blakelaw,2011-02,1731,3740,1058,49%
City,2011-02,41307,91461,39265,61%
Cruddas Park,2011-02,1448,2306,939,44%
Denton Burn,2011-02,3571,6852,6143,40%
Dinnington,2011-02,401,550,1344,31%
East End,2011-02,5315,18300,7876,63%
Fawdon,2011-02,520,2345,996,33%
Fenham,2011-02,,0,18,0%
Gosforth,2011-02,4155,18084,13197,51%
High Heaton,2011-02,1869,3640,4323,35%
Jesmond,2011-02,1578,6798,3772,42%
Kenton,2011-02,2044,4719,3673,50%
Moorside,2011-02,236,966,942,56%
Newbiggin Hall,2011-02,456,3595,1800,34%
Newburn,2011-02,598,1395,2073,23%
Outer West,2011-02,3702,11605,9813,46%
Walker,2011-02,2443,3928,2015,53%
West End,2011-02,2323,23215,3496,69%
Blakelaw,2011-03,1289,2731,868,41%
City,2011-03,41676,99222,40955,66%
Cruddas Park,2011-03,1569,2613,1240,43%
Denton Burn,2011-03,2739,6558,4805,35%
Dinnington,2011-03,457,550,1299,30%
East End,2011-03,5923,19552,9464,68%
Fawdon,2011-03,618,2610,1224,41%
Fenham,2011-03,1500,3956,3563,16%
Gosforth,2011-03,4012,19605,13704,53%
High Heaton,2011-03,2073,4031,4351,38%
Jesmond,2011-03,416,,1857,46%
Kenton,2011-03,2078,4719,3933,47%
Moorside,2011-03,343,966,1332,54%
Newbiggin Hall,2011-03,538,4014,1983,39%
Newburn,2011-03,660,1395,2136,23%
Outer West,2011-03,4597,13631,10417,51%
Walker,2011-03,2347,2011,2378,51%
West End,2011-03,2552,25499,3324,72%
Blakelaw,2011-04,854,2023,778,41%
City,2011-04,32225,76823,33268,57%
Cruddas Park,2011-04,1259,2178,931,44%
Denton Burn,2011-04,3183,5594,3573,35%
Dinnington,2011-04,271,550,1150,30%
East End,2011-04,4038,12919,6891,61%
Fawdon,2011-04,410,1947,862,42%
Fenham,2011-04,1299,4031,3445,31%
Gosforth,2011-04,3065,15711,11938,48%
High Heaton,2011-04,1606,3143,3469,39%
Jesmond,2011-04,,,0,0%
Kenton,2011-04,1612,4719,3259,44%
Moorside,2011-04,265,966,864,56%
Newbiggin Hall,2011-04,323,3667,1493,31%
Newburn,2011-04,335,1395,1841,19%
Outer West,2011-04,4027,11111,8250,48%
Walker,2011-04,1487,3226,1903,48%
West End,2011-04,2503,21764,3153,65%
Blakelaw,2011-05,928,1905,729,44%
City,2011-05,34764,86254,37602,62%
Cruddas Park,2011-05,1224,2503,999,49%
Denton Burn,2011-05,2715,6032,3825,37%
Dinnington,2011-05,278,1161,1037,29%
East End,2011-05,4688,16494,9004,61%
Fawdon,2011-05,499,2294,1014,42%
Fenham,2011-05,1679,4576,4282,24%
Gosforth,2011-05,3448,18056,13046,51%
High Heaton,2011-05,1778,3691,4065,39%
Jesmond,2011-05,,,9,0%
Kenton,2011-05,2308,5772,3354,44%
Moorside,2011-05,271,949,835,48%
Newbiggin Hall,2011-05,527,3456,1595,32%
Newburn,2011-05,644,1382,2007,19%
Outer West,2011-05,4750,12447,9934,46%
Walker,2011-05,1038,3193,2141,44%
West End,2011-05,2383,23938,2971,65%
Blakelaw,2011-06,958,1570,637,38%
City,2011-06,34024,89102,38218,59%
Cruddas Park,2011-06,1062,2388,1141,40%
Denton Burn,2011-06,2156,5310,3319,34%
Dinnington,2011-06,256,1161,1269,35%
East End,2011-06,5982,18475,8233,59%
Fawdon,2011-06,527,2373,1159,40%
Fenham,2011-06,1642,4719,3895,38%
Gosforth,2011-06,4223,16728,12901,51%
High Heaton,2011-06,1678,3314,3626,34%
Jesmond,2011-06,2320,4423,2364,23%
Kenton,2011-06,2844,5772,3224,40%
Moorside,2011-06,354,949,883,44%
Newbiggin Hall,2011-06,423,3470,1971,29%
Newburn,2011-06,648,1382,1876,19%
Outer West,2011-06,3913,13847,9048,43%
Walker,2011-06,1446,3354,2284,40%
West End,2011-06,2531,24066,2841,64%
Blakelaw,2011-07,1565,2061,689,44%
City,2011-07,34817,86072,38357,60%
Cruddas Park,2011-07,1183,2659,1033,47%
Denton Burn,2011-07,2409,5226,3235,38%
Dinnington,2011-07,255,1161,1262,29%
East End,2011-07,6214,19383,8240,62%
Fawdon,2011-07,607,2080,1018,30%
Fenham,2011-07,2095,4839,4405,35%
Gosforth,2011-07,4046,17490,14014,48%
High Heaton,2011-07,1664,3341,4325,32%
Jesmond,2011-07,1554,6469,4450,49%
Kenton,2011-07,2647,5772,3102,42%
Moorside,2011-07,467,949,1142,58%
Newbiggin Hall,2011-07,500,3846,1760,33%
Newburn,2011-07,663,1382,2132,21%
Outer West,2011-07,4321,19019,9715,46%
Walker,2011-07,1775,3226,3178,46%
West End,2011-07,2143,24157,3288,68%
Blakelaw,2011-08,1749,2016,927,48%
City,2011-08,38623,87450,39910,58%
Cruddas Park,2011-08,1236,2503,1404,46%
Denton Burn,2011-08,2388,5785,3492,42%
Dinnington,2011-08,338,516,1108,36%
East End,2011-08,6369,17767,8447,63%
Fawdon,2011-08,618,2202,952,35%
Fenham,2011-08,2417,5135,5167,30%
Gosforth,2011-08,5088,17471,14955,43%
High Heaton,2011-08,1815,3357,4507,38%
Jesmond,2011-08,1431,7142,4316,51%
Kenton,2011-08,2756,,3744,49%
Moorside,2011-08,436,1131,1235,61%
Newbiggin Hall,2011-08,329,3657,1850,40%
Newburn,2011-08,621,1495,2253,27%
Outer West,2011-08,5521,13724,10136,49%
Walker,2011-08,1778,3095,2279,52%
West End,2011-08,2604,26138,3910,71%
Blakelaw,2011-09,1850,2076,1127,41%
City,2011-09,36345,83099,35562,60%
Cruddas Park,2011-09,1364,2946,1217,47%
Denton Burn,2011-09,2023,5451,3208,38%
Dinnington,2011-09,381,516,1168,27%
East End,2011-09,5297,17624,7808,60%
Fawdon,2011-09,405,1331,717,36%
Fenham,2011-09,2194,5196,4475,27%
Gosforth,2011-09,4410,18809,13354,45%
High Heaton,2011-09,1712,3462,3885,37%
Jesmond,2011-09,1423,7562,4378,51%
Kenton,2011-09,2313,,2880,40%
Moorside,2011-09,381,1131,1059,56%
Newbiggin Hall,2011-09,300,3042,1694,32%
Newburn,2011-09,669,1495,2214,21%
Outer West,2011-09,4686,12171,9053,48%
Walker,2011-09,1737,2965,1850,48%
West End,2011-09,2293,23879,3247,65%
Blakelaw,2011-10,1387,1895,774,35%
City,2011-10,39016,85773,39191,55%
Cruddas Park,2011-10,1160,2520,1104,49%
Denton Burn,2011-10,2907,6475,3393,40%
Dinnington,2011-10,417,516,1015,30%
East End,2011-10,6052,16311,7585,61%
Fawdon,2011-10,356,1288,665,31%
Fenham,2011-10,2113,4966,4350,29%
Gosforth,2011-10,4837,18426,14131,45%
High Heaton,2011-10,1775,3353,3896,31%
Jesmond,2011-10,1582,7687,4259,46%
Kenton,2011-10,2362,,2908,40%
Moorside,2011-10,308,1131,894,58%
Newbiggin Hall,2011-10,164,2784,1602,33%
Newburn,2011-10,587,1495,2025,22%
Outer West,2011-10,5179,13458,8850,48%
Walker,2011-10,1647,3318,2726,49%
West End,2011-10,2379,23383,3001,61%
Blakelaw,2011-11,1408,1849,662,33%
City,2011-11,33694,80571,32278,57%
Cruddas Park,2011-11,1014,2789,1151,39%
Denton Burn,2011-11,2070,5387,3248,38%
Dinnington,2011-11,124,381,1165,26%
East End,2011-11,4420,18652,6674,58%
Fawdon,2011-11,318,1411,590,42%
Fenham,2011-11,1589,5202,3938,28%
Gosforth,2011-11,4181,17856,11812,45%
High Heaton,2011-11,1703,3266,3627,33%
Jesmond,2011-11,1436,6911,3999,46%
Kenton,2011-11,1979,4892,2630,36%
Moorside,2011-11,172,836,859,56%
Newbiggin Hall,2011-11,272,3628,1935,34%
Newburn,2011-11,566,1326,2182,18%
Outer West,2011-11,4120,12400,8044,44%
Walker,2011-11,1435,3152,1783,45%
West End,2011-11,2190,21910,2705,53%
Blakelaw,2011-12,774,1127,296,27%
City,2011-12,28024,73543,28948,47%
Cruddas Park,2011-12,887,2089,958,29%
Denton Burn,2011-12,1627,3980,2315,26%
Dinnington,2011-12,272,381,905,9%
East End,2011-12,4096,13129,5317,50%
Fawdon,2011-12,176,1258,499,26%
Fenham,2011-12,1103,3410,3069,16%
Gosforth,2011-12,3071,15392,10609,32%
High Heaton,2011-12,1385,2604,2597,23%
Jesmond,2011-12,1025,5130,3146,34%
Kenton,2011-12,1798,4892,2306,30%
Moorside,2011-12,82,836,585,49%
Newbiggin Hall,2011-12,211,2114,1254,22%
Newburn,2011-12,444,1326,1390,13%
Outer West,2011-12,4005,9581,6900,32%
Walker,2011-12,1069,2213,1489,29%
West End,2011-12,1977,19712,2435,51%
Blakelaw,2012-01,1198,1715,580,31%
City,2012-01,35322,77825,34302,54%
Cruddas Park,2012-01,1093,2275,1081,42%
Denton Burn,2012-01,2116,5030,3076,35%
Dinnington,2012-01,282,381,1079,20%
East End,2012-01,3563,18863,7438,55%
Fawdon,2012-01,241,1247,655,24%
Fenham,2012-01,1793,4602,4243,21%
Gosforth,2012-01,3886,18290,12588,39%
High Heaton,2012-01,1881,3097,3930,28%
Jesmond,2012-01,1626,6466,4242,45%
Kenton,2012-01,2183,4892,2563,32%
Moorside,2012-01,293,836,798,62%
Newbiggin Hall,2012-01,133,2133,1715,27%
Newburn,2012-01,538,1326,1939,20%
Outer West,2012-01,3933,11252,8046,42%
Walker,2012-01,1241,3071,1852,38%
West End,2012-01,2268,22443,2846,54%
Blakelaw,2012-02,1486,1913,483,36%
City,2012-02,35868,80796,33526,60%
Cruddas Park,2012-02,998,2106,878,43%
Denton Burn,2012-02,1804,5119,2874,42%
Dinnington,2012-02,264,533,992,32%
East End,2012-02,5789,19201,6981,58%
Fawdon,2012-02,288,1541,632,27%
Fenham,2012-02,1680,4345,3948,25%
Gosforth,2012-02,3622,16973,12128,44%
High Heaton,2012-02,1895,3285,3354,27%
Jesmond,2012-02,1433,6280,3756,47%
Kenton,2012-02,1731,4420,2783,37%
Moorside,2012-02,88,1010,589,70%
Newbiggin Hall,2012-02,204,2235,1840,26%
Newburn,2012-02,613,1577,1788,25%
Outer West,2012-02,3985,11731,7710,46%
Walker,2012-02,1117,2931,1729,42%
West End,2012-02,1932,21814,2869,61%
Blakelaw,2012-03,1754,2444,653,33%
City,2012-03,35732,79552,34689,55%
Cruddas Park,2012-03,1227,2691,1149,36%
Denton Burn,2012-03,2372,5427,2962,31%
Dinnington,2012-03,323,533,1131,29%
East End,2012-03,6592,18910,7312,57%
Fawdon,2012-03,268,1396,676,29%
Fenham,2012-03,1513,3607,4373,22%
Gosforth,2012-03,3725,18065,12978,39%
High Heaton,2012-03,1635,2914,3171,23%
Jesmond,2012-03,1547,7713,4437,46%
Kenton,2012-03,1772,4420,2912,31%
Moorside,2012-03,403,1010,800,56%
Newbiggin Hall,2012-03,285,2458,1968,21%
Newburn,2012-03,603,1577,2018,22%
Outer West,2012-03,4132,11504,8080,40%
Walker,2012-03,1386,2803,1558,43%
West End,2012-03,1929,23092,2940,57%
Blakelaw,2012-04,1058,1680,480,37%
City,2012-04,34432,75863,32151,58%
Cruddas Park,2012-04,1257,2378,954,40%
Denton Burn,2012-04,1896,4529,2469,38%
Dinnington,2012-04,289,533,788,18%
East End,2012-04,5954,16605,6688,55%
Fawdon,2012-04,200,1326,780,40%
Fenham,2012-04,1764,3433,3934,29%
Gosforth,2012-04,3308,15468,12070,38%
High Heaton,2012-04,1502,2600,3185,24%
Jesmond,2012-04,1388,6629,3993,53%
Kenton,2012-04,1670,4420,2612,35%
Moorside,2012-04,406,1010,763,72%
Newbiggin Hall,2012-04,237,3429,1387,29%
Newburn,2012-04,497,1577,1759,25%
Outer West,2012-04,4254,10938,7819,48%
Walker,2012-04,1203,2600,1783,46%
West End,2012-04,2078,19575,2573,59%
Blakelaw,2012-05,1044,1410,511,26%
City,2012-05,36096,77018,32481,59%
Cruddas Park,2012-05,1267,2390,930,39%
Denton Burn,2012-05,2193,4960,2631,37%
Dinnington,2012-05,291,477,1110,20%
East End,2012-05,6464,18301,7133,56%
Fawdon,2012-05,160,1256,672,32%
Fenham,2012-05,1332,4942,3946,24%
Gosforth,2012-05,3520,17661,11520,37%
High Heaton,2012-05,1225,2758,2928,27%
Jesmond,2012-05,1447,10343,3946,46%
Kenton,2012-05,1976,2882,2842,30%
Moorside,2012-05,448,1304,911,61%
Newbiggin Hall,2012-05,196,2900,1364,18%
Newburn,2012-05,472,1257,1745,22%
Outer West,2012-05,4335,10916,7655,40%
Walker,2012-05,1582,2782,1403,43%
West End,2012-05,2334,23197,2746,57%
Blakelaw,2012-06,1122,1591,432,40%
City,2012-06,31271,74685,30228,64%
Cruddas Park,2012-06,859,2086,990,38%
Denton Burn,2012-06,1664,4992,2616,33%
Dinnington,2012-06,187,477,1474,22%
East End,2012-06,6257,17991,6622,60%
Fawdon,2012-06,197,1128,521,27%
Fenham,2012-06,1385,3780,4055,22%
Gosforth,2012-06,3408,15162,10970,40%
High Heaton,2012-06,1428,2579,3042,26%
Jesmond,2012-06,1094,5860,3869,45%
Kenton,2012-06,2121,2882,2327,29%
Moorside,2012-06,334,1304,902,55%
Newbiggin Hall,2012-06,179,2980,1558,22%
Newburn,2012-06,836,1257,1576,23%
Outer West,2012-06,3751,12112,7165,39%
Walker,2012-06,1371,2275,1577,41%
West End,2012-06,2221,21348,2534,54%
Blakelaw,2012-07,1414,1925,630,38%
City,2012-07,31799,81519,32577,66%
Cruddas Park,2012-07,1136,2466,1064,32%
Denton Burn,2012-07,1377,4946,3098,30%
Dinnington,2012-07,112,477,1165,26%
East End,2012-07,9397,20699,7425,59%
Fawdon,2012-07,198,1333,554,31%
Fenham,2012-07,1801,4593,4501,26%
Gosforth,2012-07,4386,16508,12727,41%
High Heaton,2012-07,1704,2463,3728,26%
Jesmond,2012-07,1395,5953,4333,48%
Kenton,2012-07,1489,2882,2538,31%
Moorside,2012-07,399,1304,1364,63%
Newbiggin Hall,2012-07,258,1650,1485,19%
Newburn,2012-07,606,1257,1872,24%
Outer West,2012-07,4855,12604,8577,43%
Walker,2012-07,1719,3127,2093,42%
West End,2012-07,2597,25842,3679,53%
Blakelaw,2012-08,1477,1879,614,45%
City,2012-08,37023,80171,32563,67%
Cruddas Park,2012-08,889,2365,948,44%
Denton Burn,2012-08,1705,5204,3046,34%
Dinnington,2012-08,333,616,1033,26%
East End,2012-08,9813,21095,7579,65%
Fawdon,2012-08,218,1244,552,36%
Fenham,2012-08,1823,4403,4227,27%
Gosforth,2012-08,4943,15325,12902,36%
High Heaton,2012-08,1895,3989,4651,26%
Jesmond,2012-08,1583,6106,4222,49%
Kenton,2012-08,2320,3128,2592,29%
Moorside,2012-08,109,782,1382,70%
Newbiggin Hall,2012-08,144,1449,1101,24%
Newburn,2012-08,655,1262,1780,25%
Outer West,2012-08,4702,14165,8389,43%
Walker,2012-08,1662,3515,2568,46%
West End,2012-08,0,22495,3376,59%
Blakelaw,2012-09,923,1105,436,26%
City,2012-09,35493,82258,29938,61%
Cruddas Park,2012-09,866,2342,762,44%
Denton Burn,2012-09,1230,4996,2617,31%
Dinnington,2012-09,422,616,1045,20%
East End,2012-09,8596,17398,6548,55%
Fawdon,2012-09,243,1278,481,19%
Fenham,2012-09,2084,3727,3773,24%
Gosforth,2012-09,5159,16030,11240,37%
High Heaton,2012-09,1640,3395,3519,27%
Jesmond,2012-09,1307,6111,3763,45%
Kenton,2012-09,1840,3128,2214,31%
Moorside,2012-09,135,782,1233,55%
Newbiggin Hall,2012-09,163,1449,939,10%
Newburn,2012-09,675,1262,1519,17%
Outer West,2012-09,4349,11163,7207,38%
Walker,2012-09,1972,4316,1871,39%
West End,2012-09,2089,20892,2308,49%
Blakelaw,2012-10,1317,1669,479,35%
City,2012-10,36247,86321,32242,66%
Cruddas Park,2012-10,1022,2438,748,47%
Denton Burn,2012-10,1582,5111,2657,36%
Dinnington,2012-10,316,616,1098,29%
East End,2012-10,8412,20095,6997,60%
Fawdon,2012-10,260,1624,549,31%
Fenham,2012-10,2014,4055,4054,34%
Gosforth,2012-10,4254,18213,12116,44%
High Heaton,2012-10,1348,3628,3357,27%
Jesmond,2012-10,1742,6623,3624,43%
Kenton,2012-10,2045,3128,2576,34%
Moorside,2012-10,360,782,1018,59%
Newbiggin Hall,2012-10,256,1449,856,16%
Newburn,2012-10,837,1262,1609,22%
Outer West,2012-10,5141,13393,7920,45%
Walker,2012-10,1835,4720,1427,41%
West End,2012-10,2341,23360,2586,53%
Blakelaw,2012-11,1217,1571,512,33%
City,2012-11,33882,80381,28813,65%
Cruddas Park,2012-11,1024,2267,939,46%
Denton Burn,2012-11,1537,3969,2565,38%
Dinnington,2012-11,230,1040,1019,16%
East End,2012-11,8526,19047,6364,62%
Fawdon,2012-11,256,1571,425,33%
Fenham,2012-11,1888,4155,3870,32%
Gosforth,2012-11,4124,18808,10213,40%
High Heaton,2012-11,1315,3475,3391,29%
Jesmond,2012-11,1748,6386,3793,47%
Kenton,2012-11,1510,4247,2162,34%
Moorside,2012-11,392,1170,821,66%
Newbiggin Hall,2012-11,199,966,781,20%
Newburn,2012-11,839,1057,1590,20%
Outer West,2012-11,4890,12803,7368,43%
Walker,2012-11,1975,5144,1501,45%
West End,2012-11,2275,22637,2329,53%
Blakelaw,2012-12,689,795,371,19%
City,2012-12,26696,67211,23820,54%
Cruddas Park,2012-12,749,1722,539,31%
Denton Burn,2012-12,449,2137,1562,23%
Dinnington,2012-12,226,1040,648,12%
East End,2012-12,7196,13669,4954,50%
Fawdon,2012-12,204,908,351,23%
Fenham,2012-12,1310,2684,2798,17%
Gosforth,2012-12,2982,13141,7881,30%
High Heaton,2012-12,832,2509,2182,21%
Jesmond,2012-12,1193,4510,2424,31%
Kenton,2012-12,1239,4247,1532,23%
Moorside,2012-12,257,1170,670,55%
Newbiggin Hall,2012-12,165,966,509,13%
Newburn,2012-12,362,1057,1023,10%
Outer West,2012-12,3177,8966,5249,32%
Walker,2012-12,1185,3033,877,27%
West End,2012-12,2256,16841,2307,45%
Blakelaw,2013-01,763,1168,558,26%
City,2013-01,32152,75012,30245,61%
Cruddas Park,2013-01,1009,2051,761,36%
Denton Burn,2013-01,1571,3623,2296,30%
Dinnington,2013-01,316,1040,816,28%
East End,2013-01,7899,17283,6081,53%
Fawdon,2013-01,263,1403,572,37%
Fenham,2013-01,2155,4289,3347,19%
Gosforth,2013-01,3214,15911,9093,39%
High Heaton,2013-01,1248,3320,2885,28%
Jesmond,2013-01,1446,6455,3657,41%
Kenton,2013-01,1832,4247,2146,29%
Moorside,2013-01,305,1170,868,45%
Newbiggin Hall,2013-01,203,966,732,14%
Newburn,2013-01,720,1057,1695,17%
Outer West,2013-01,3371,10951,6654,36%
Walker,2013-01,1516,3284,1525,33%
West End,2013-01,2040,21228,2407,54%
Blakelaw,2013-02,1254,1817,604,34%
City,2013-02,29176,74007,26657,64%
Cruddas Park,2013-02,795,2000,751,45%
Denton Burn,2013-02,1967,3597,2257,36%
Dinnington,2013-02,73,416,944,13%
East End,2013-02,8087,17822,5385,55%
Fawdon,2013-02,272,1223,413,44%
Fenham,2013-02,1783,3719,3276,24%
Gosforth,2013-02,3670,15044,9067,43%
High Heaton,2013-02,1305,3367,2887,33%
Jesmond,2013-02,1503,5986,3282,46%
Kenton,2013-02,1867,4104,1996,29%
Moorside,2013-02,220,1395,771,62%
Newbiggin Hall,2013-02,188,1348,786,20%
Newburn,2013-02,614,919,1471,21%
Outer West,2013-02,3574,11359,6525,44%
Walker,2013-02,1727,4409,1180,44%
West End,2013-02,2088,20860,2536,61%
Blakelaw,2013-03,1542,1534,535,31%
City,2013-03,29189,73385,27659,65%
Cruddas Park,2013-03,829,2032,655,49%
Denton Burn,2013-03,2239,4015,2390,36%
Dinnington,2013-03,283,416,952,18%
East End,2013-03,8810,17620,5789,60%
Fawdon,2013-03,357,1079,426,39%
Fenham,2013-03,1874,3666,3300,22%
Gosforth,2013-03,3619,16729,9388,39%
High Heaton,2013-03,1227,3082,2694,32%
Jesmond,2013-03,1530,6030,3186,47%
Kenton,2013-03,1844,4104,2139,28%
Moorside,2013-03,246,1395,686,52%
Newbiggin Hall,2013-03,227,1348,854,19%
Newburn,2013-03,629,919,1188,19%
Outer West,2013-03,3627,8481,7075,39%
Walker,2013-03,1748,4133,1043,49%
West End,2013-03,1785,21680,2294,62%
Blakelaw,2013-04,931,1750,554,38%
City,2013-04,20866,76821,29635,63%
Cruddas Park,2013-04,971,2026,684,51%
Denton Burn,2013-04,1950,4149,2026,42%
Dinnington,2013-04,274,416,682,19%
East End,2013-04,8561,16415,5564,61%
Fawdon,2013-04,374,969,334,29%
Fenham,2013-04,1793,3914,2287,25%
Gosforth,2013-04,3726,15447,9273,39%
High Heaton,2013-04,1158,2828,2799,30%
Jesmond,2013-04,2036,5805,2957,42%
Kenton,2013-04,2274,4104,2289,31%
Moorside,2013-04,233,1395,700,53%
Newbiggin Hall,2013-04,218,1348,624,23%
Newburn,2013-04,597,919,1528,20%
Outer West,2013-04,4591,10542,6944,41%
Walker,2013-04,1460,4373,1125,45%
West End,2013-04,2669,24828,2549,62%
Blakelaw,2013-05,945,1506,438,30%
City,2013-05,27196,75699,31768,56%
Cruddas Park,2013-05,998,2314,693,41%
Denton Burn,2013-05,1416,4011,2205,42%
Dinnington,2013-05,149,290,698,13%
East End,2013-05,4248,13788,6393,55%
Fawdon,2013-05,415,1341,461,51%
Fenham,2013-05,1554,3711,3682,24%
Gosforth,2013-05,4228,13468,10704,39%
High Heaton,2013-05,989,2806,3018,26%
Jesmond,2013-05,2307,6013,3308,46%
Kenton,2013-05,1608,2370,2423,28%
Moorside,2013-05,288,949,874,60%
Newbiggin Hall,2013-05,172,1049,654,19%
Newburn,2013-05,516,1179,1532,22%
Outer West,2013-05,3616,10967,7618,40%
Walker,2013-05,1208,4354,1025,41%
West End,2013-05,2434,10383,3246,52%
Blakelaw,2013-06,1381,1550,520,34%
City,2013-06,28396,71806,28154,57%
Cruddas Park,2013-06,382,783,391,0%
Denton Burn,2013-06,1596,3415,1685,
Dinnington,2013-06,105,290,674,22%
East End,2013-06,7433,14022,6069,61%
Fawdon,2013-06,315,1114,377,53%
Fenham,2013-06,1810,3745,3877,22%
Gosforth,2013-06,3678,11818,9753,35%
High Heaton,2013-06,944,2585,4245,
Jesmond,2013-06,1487,5514,3168,45%
Kenton,2013-06,1703,2370,2229,28%
Moorside,2013-06,270,949,654,52%
Newbiggin Hall,2013-06,181,1049,763,15%
Newburn,2013-06,686,1179,1564,21%
Outer West,2013-06,4013,10151,6880,40%
Walker,2013-06,1391,3623,933,44%
West End,2013-06,2535,19670,2409,54%
Blakelaw,2013-07,1517,1789,638,37%
City,2013-07,33243,76948,33636,62%
Cruddas Park,2013-07,,,10,
Denton Burn,2013-07,372,827,967,37%
Dinnington,2013-07,,,23,
East End,2013-07,7420,18033,7161,63%
Fawdon,2013-07,395,997,634,49%
Fenham,2013-07,1720,4099,3867,24%
Gosforth,2013-07,4455,12542,12130,35%
High Heaton,2013-07,588,1297,1434,31%
Jesmond,2013-07,,,435,
Kenton,2013-07,2268,2370,2480,31%
Moorside,2013-07,,,46,
Newbiggin Hall,2013-07,254,1049,897,20%
Newburn,2013-07,948,1179,1536,20%
Outer West,2013-07,4206,12497,8209,43%
Walker,2013-07,955,,741,17%
West End,2013-07,2427,23665,3150,53%
Blakelaw,2013-08,1885,1991,684,49%
City,2013-08,31383,53157,32621,65%
Cruddas Park,2013-08,,,27,
Denton Burn,2013-08,374,914,939,43%
Dinnington,2013-08,,,17,
East End,2013-08,7550,18194,7079,68%
Fawdon,2013-08,469,1356,475,47%
Fenham,2013-08,1932,4107,3542,27%
Gosforth,2013-08,4182,12439,12883,39%
High Heaton,2013-08,692,1534,1647,29%
Jesmond,2013-08,,,201,
Kenton,2013-08,2488,4446,2653,39%
Moorside,2013-08,,,12,
Newbiggin Hall,2013-08,258,1157,798,33%
Newburn,2013-08,804,2652,1664,21%
Outer West,2013-08,5045,12734,8365,48%
Walker,2013-08,1328,1876,834,35%
West End,2013-08,2497,22263,3599,55%
Blakelaw,2013-09,1300,2546,513,50%
City,2013-09,33800,67863,27649,66%
Cruddas Park,2013-09,,,,
Denton Burn,2013-09,476,988,1015,33%
Dinnington,2013-09,,,,
East End,2013-09,7389,16213,6108,64%
Fawdon,2013-09,438,1131,487,58%
Fenham,2013-09,1741,3997,2813,
Gosforth,2013-09,4304,12668,10116,43%
High Heaton,2013-09,601,1096,1456,31%
Jesmond,2013-09,,,,
Kenton,2013-09,2113,4446,1978,30%
Moorside,2013-09,,,,
Newbiggin Hall,2013-09,212,1157,666,20%
Newburn,2013-09,807,2652,1544,22%
Outer West,2013-09,3921,11934,7001,47%
Walker,2013-09,989,1876,840,39%
West End,2013-09,1404,22506,3017,51%
Blakelaw,2013-10,1552,2664,653,45%
City,2013-10,34104,67863,30096,60%
Cruddas Park,2013-10,,,5,
Denton Burn,2013-10,469,938,963,33%
Dinnington,2013-10,,,,
East End,2013-10,6228,20443,6736,62%
Fawdon,2013-10,373,1045,398,48%
Fenham,2013-10,,,1134,9%
Gosforth,2013-10,4254,13769,10042,43%
High Heaton,2013-10,600,1190,1449,34%
Jesmond,2013-10,,,,
Kenton,2013-10,2005,4446,2538,34%
Moorside,2013-10,,,,
Newbiggin Hall,2013-10,244,1157,645,23%
Newburn,2013-10,796,2652,1587,24%
Outer West,2013-10,4439,12560,7429,47%
Walker,2013-10,1370,1876,915,47%
West End,2013-10,2644,23727,3295,53%
Blakelaw,2013-11,1268,2589,433,43%
City,2013-11,29074,67863,26288,60%
Cruddas Park,2013-11,,,0,
Denton Burn,2013-11,386,894,889,34%
Dinnington,2013-11,,,,
East End,2013-11,6485,16947,6094,61%
Fawdon,2013-11,240,798,326,39%
Fenham,2013-11,,,16,
Gosforth,2013-11,3842,16070,9495,43%
High Heaton,2013-11,542,1168,1284,33%
Jesmond,2013-11,,,1,
Kenton,2013-11,1890,5768,2170,33%
Moorside,2013-11,,,,
Newbiggin Hall,2013-11,258,1274,616,20%
Newburn,2013-11,771,1729,1366,22%
Outer West,2013-11,3674,11554,6646,42%
Walker,2013-11,1291,1868,742,41%
West End,2013-11,2378,23903,3471,58%
Blakelaw,2013-12,894,1563,328,28%
City,2013-12,22755,67863,21563,46%
Cruddas Park,2013-12,,,0,
Denton Burn,2013-12,231,622,770,21%
Dinnington,2013-12,,,,
East End,2013-12,3745,11206,4448,47%
Fawdon,2013-12,189,581,201,23%
Fenham,2013-12,,,46,
Gosforth,2013-12,2632,11012,7460,29%
High Heaton,2013-12,404,908,830,17%
Jesmond,2013-12,,,,
Kenton,2013-12,1602,5768,2074,22%
Moorside,2013-12,,,,
Newbiggin Hall,2013-12,201,1274,504,13%
Newburn,2013-12,471,1729,875,13%
Outer West,2013-12,2991,8321,5418,28%
Walker,2013-12,867,1868,375,28%
West End,2013-12,1884,19948,2720,47%
Blakelaw,2014-01,1193,1906,443,39%
City,2014-01,27436,63134,27279,56%
Cruddas Park,2014-01,,,,
Denton Burn,2014-01,359,805,1001,28%
Dinnington,2014-01,,,,
East End,2014-01,4316,21872,5762,57%
Fawdon,2014-01,219,742,342,32%
Fenham,2014-01,,,0,
Gosforth,2014-01,3620,16228,9522,39%
High Heaton,2014-01,552,1307,1318,33%
Jesmond,2014-01,,,,
Kenton,2014-01,1929,5768,1969,29%
Moorside,2014-01,,,,
Newbiggin Hall,2014-01,259,1274,717,10%
Newburn,2014-01,676,1729,1240,19%
Outer West,2014-01,3453,10158,7054,40%
Walker,2014-01,1283,1868,809,43%
West End,2014-01,2462,25950,3292,59%
Blakelaw,2014-02,907,1946,474,47%
City,2014-02,26680,64506,24654,59%
Cruddas Park,2014-02,,,,
Denton Burn,2014-02,378,859,872,33%
Dinnington,2014-02,,,,
East End,2014-02,3945,15740,5362,59%
Fawdon,2014-02,267,769,255,48%
Fenham,2014-02,,,22,
Gosforth,2014-02,3410,13953,9194,37%
High Heaton,2014-02,521,1219,1126,26%
Jesmond,2014-02,,,,
Kenton,2014-02,1804,5703,2177,31%
Moorside,2014-02,,,,
Newbiggin Hall,2014-02,214,1135,644,14%
Newburn,2014-02,762,2119,1303,20%
Outer West,2014-02,3688,7521,6448,44%
Walker,2014-02,884,1907,612,42%
West End,2014-02,2501,23006,3005,58%
Blakelaw,2014-03,1167,2481,425,
City,2014-03,28436,60836,26158,
Cruddas Park,2014-03,,,,
Denton Burn,2014-03,357,913,890,
Dinnington,2014-03,,,,
East End,2014-03,4019,17517,5513,
Fawdon,2014-03,244,919,229,
Fenham,2014-03,2185,4860,2613,
Gosforth,2014-03,3555,13953,10220,
High Heaton,2014-03,447,1090,931,
Jesmond,2014-03,,,,
Kenton,2014-03,2024,5703,2403,
Moorside,2014-03,,,,
Newbiggin Hall,2014-03,263,1135,576,
Newburn,2014-03,776,2119,1312,
Outer West,2014-03,3881,10274,6237,
Walker,2014-03,1149,1907,589,
West End,2014-03,2264,22949,2876,
Blakelaw,2014-04,728,1499,319,44%
City,2014-04,25272,55649,24088,60%
Cruddas Park,2014-04,0,,0,0%
Denton Burn,2014-04,308,731,716,27%
Dinnington,2014-04,,,,
East End,2014-04,3625,15063,5061,60%
Fawdon,2014-04,200,702,247,40%
Fenham,2014-04,1610,3720,2777,46%
Gosforth,2014-04,3243,13953,8603,39%
High Heaton,2014-04,468,1077,1115,28%
Jesmond,2014-04,,,,
Kenton,2014-04,1674,5703,2006,33%
Moorside,2014-04,,,,
Newbiggin Hall,2014-04,238,1135,593,15%
Newburn,2014-04,421,2119,1137,20%
Outer West,2014-04,3144,10274,6141,43%
Walker,2014-04,695,1907,595,38%
West End,2014-04,2650,23311,2969,53%
Blakelaw,2014-05,798,1796,444,44%
City,2014-05,24588,55649,24451,58%
Cruddas Park,2014-05,0,,0,0%
Denton Burn,2014-05,278,696,698,24%
Dinnington,2014-05,,,,
East End,2014-05,3855,16631,4844,57%
Fawdon,2014-05,179,638,155,35%
Fenham,2014-05,1876,3787,2546,44%
Gosforth,2014-05,2988,10998,9029,35%
High Heaton,2014-05,324,1062,1142,24%
Jesmond,2014-05,,,,
Kenton,2014-05,1570,4658,1808,32%
Moorside,2014-05,,,,
Newbiggin Hall,2014-05,248,1027,615,10%
Newburn,2014-05,776,1530,1339,17%
Outer West,2014-05,3395,8073,6579,40%
Walker,2014-05,1051,2219,697,41%
West End,2014-05,2323,22689,2807,49%
Blakelaw,2014-06,815,1941,403,40%
City,2014-06,19328,58981,20426,53%
Cruddas Park,2014-06,411,439,311,7%
Denton Burn,2014-06,373,984,879,21%
Dinnington,2014-06,,,,
East End,2014-06,4943,17854,4602,55%
Fawdon,2014-06,109,678,222,24%
Fenham,2014-06,2635,4222,2502,40%
Gosforth,2014-06,3022,10998,8277,34%
High Heaton,2014-06,249,801,880,24%
Jesmond,2014-06,,,,
Kenton,2014-06,1495,4658,1965,31%
Moorside,2014-06,,,,
Newbiggin Hall,2014-06,283,1027,556,12%
Newburn,2014-06,696,1530,1043,18%
Outer West,2014-06,2553,8073,5737,37%
Walker,2014-06,841,2219,672,36%
West End,2014-06,1386,23103,2548,44%
Blakelaw,2014-07,889,1864,286,41%
City,2014-07,25119,64122,22796,53%
Cruddas Park,2014-07,905,1140,676,21%
Denton Burn,2014-07,319,768,797,22%
Dinnington,2014-07,,,,
East End,2014-07,5039,19719,4895,54%
Fawdon,2014-07,179,603,214,32%
Fenham,2014-07,1735,2856,2676,38%
Gosforth,2014-07,4251,10998,8750,32%
High Heaton,2014-07,386,908,1084,24%
Jesmond,2014-07,,,,
Kenton,2014-07,1016,4658,1955,33%
Moorside,2014-07,,,,
Newbiggin Hall,2014-07,293,1027,591,14%
Newburn,2014-07,322,1530,1299,16%
Outer West,2014-07,4450,8073,6623,33%
Walker,2014-07,1663,2219,940,33%
West End,2014-07,2002,27214,2659,42%
Blakelaw,2014-08,935,1505,400,51%
City,2014-08,27282,67600,23461,60%
Cruddas Park,2014-08,803,1188,803,30%
Denton Burn,2014-08,294,669,731,24%
Dinnington,2014-08,,,,
East End,2014-08,4188,25957,5699,62%
Fawdon,2014-08,134,520,245,20%
Fenham,2014-08,1164,3288,2708,46%
Gosforth,2014-08,4624,11860,10009,32%
High Heaton,2014-08,458,1129,1321,23%
Jesmond,2014-08,,,,
Kenton,2014-08,1838,5434,2161,46%
Moorside,2014-08,,,,
Newbiggin Hall,2014-08,282,1131,452,17%
Newburn,2014-08,309,1265,1184,16%
Outer West,2014-08,4686,14746,6775,50%
Walker,2014-08,840,2019,790,40%
West End,2014-08,3178,5061,2697,50%
Blakelaw,2014-09,1235,1996,389,43%
City,2014-09,27953,69071,21478,58%
Cruddas Park,2014-09,985,1500,574,29%
Denton Burn,2014-09,404,851,957,22%
Dinnington,2014-09,,,,
East End,2014-09,4293,22475,5167,55%
Fawdon,2014-09,144,593,273,15%
Fenham,2014-09,2449,3035,2395,38%
Gosforth,2014-09,5204,11860,8853,35%
High Heaton,2014-09,531,909,968,23%
Jesmond,2014-09,,,,
Kenton,2014-09,1949,5434,1768,39%
Moorside,2014-09,,,,
Newbiggin Hall,2014-09,292,1131,550,12%
Newburn,2014-09,482,1265,1188,17%
Outer West,2014-09,4544,14746,5916,48%
Walker,2014-09,763,2019,513,44%
West End,2014-09,2302,5061,2486,45%
Blakelaw,2014-10,1090,2085,387,48%
City,2014-10,26721,68438,22948,57%
Cruddas Park,2014-10,987,1248,577,28%
Denton Burn,2014-10,38,92,100,3%
Dinnington,2014-10,,,,
East End,2014-10,5075,22424,5122,54%
Fawdon,2014-10,170,578,242,15%
Fenham,2014-10,1508,3156,2391,43%
Gosforth,2014-10,5249,11860,9173,35%
High Heaton,2014-10,537,824,1335,25%
Jesmond,2014-10,,,,
Kenton,2014-10,2039,5434,2016,39%
Moorside,2014-10,,,,
Newbiggin Hall,2014-10,254,1131,431,15%
Newburn,2014-10,491,1265,1026,15%
Outer West,2014-10,5053,14746,6125,52%
Walker,2014-10,948,2019,552,43%
West End,2014-10,1113,5061,2341,46%
Blakelaw,2014-11,933,2058,330,36%
City,2014-11,22757,66186,19398,46%
Cruddas Park,2014-11,987,1391,503,21%
Denton Burn,2014-11,,,,0%
Dinnington,2014-11,,,,
East End,2014-11,4204,19176,4213,46%
Fawdon,2014-11,216,620,243,36%
Fenham,2014-11,1204,2723,2041,31%
Gosforth,2014-11,4922,13065,8185,25%
High Heaton,2014-11,597,845,1089,15%
Jesmond,2014-11,,,,
Kenton,2014-11,1864,7059,1676,30%
Moorside,2014-11,,,,
Newbiggin Hall,2014-11,278,1140,465,10%
Newburn,2014-11,173,1244,945,13%
Outer West,2014-11,3931,9611,5159,41%
Walker,2014-11,692,1651,448,36%
West End,2014-11,3708,5044,2179,36%
Blakelaw,2014-12,650,1383,215,24%
City,2014-12,20399,58631,18172,40%
Cruddas Park,2014-12,771,939,308,16%
Denton Burn,2014-12,,,,
Dinnington,2014-12,,,,
East End,2014-12,3291,15143,3495,37%
Fawdon,2014-12,106,393,131,9%
Fenham,2014-12,801,1756,1729,18%
Gosforth,2014-12,3850,13065,6787,21%
High Heaton,2014-12,401,845,733,12%
Jesmond,2014-12,,,,
Kenton,2014-12,1427,7059,1497,21%
Moorside,2014-12,,,,
Newbiggin Hall,2014-12,192,1140,327,4%
Newburn,2014-12,194,1244,726,9%
Outer West,2014-12,2225,9611,4263,30%
Walker,2014-12,539,1651,379,22%
West End,2014-12,2423,5044,1580,30%
Blakelaw,2015-01,805,1620,303,33%
City,2015-01,28706,67058,21581,54%
Cruddas Park,2015-01,1332,1030,503,21%
Denton Burn,2015-01,,,,
Dinnington,2015-01,,,,
East End,2015-01,4067,19065,4575,48%
Fawdon,2015-01,172,556,193,13%
Fenham,2015-01,1671,2403,2212,30%
Gosforth,2015-01,4770,13065,8439,30%
High Heaton,2015-01,395,845,1064,19%
Jesmond,2015-01,,,,
Kenton,2015-01,2433,7059,1795,29%
Moorside,2015-01,,,,
Newbiggin Hall,2015-01,218,1140,508,8%
Newburn,2015-01,285,1244,1114,14%
Outer West,2015-01,3580,9611,5247,44%
Walker,2015-01,293,1651,273,18%
West End,2015-01,6205,5044,2045,39%
Blakelaw,2015-02,1060,1740,197,39%
City,2015-02,25256,64434,19400,50%
Cruddas Park,2015-02,1276,1271,544,28%
Denton Burn,2015-02,,,,
Dinnington,2015-02,,,,
East End,2015-02,3903,18088,4161,47%
Fawdon,2015-02,220,666,164,19%
Fenham,2015-02,1324,2197,2074,30%
Gosforth,2015-02,4521,11501,8001,28%
High Heaton,2015-02,695,1092,1130,25%
Jesmond,2015-02,,,,
Kenton,2015-02,1853,4221,1475,29%
Moorside,2015-02,,,,
Newbiggin Hall,2015-02,244,923,579,10%
Newburn,2015-02,758,1148,1413,14%
Outer West,2015-02,3617,5889,5289,42%
Walker,2015-02,726,1348,424,36%
West End,2015-02,3145,5122,2004,37%
Blakelaw,2015-03,1011,2123,314,29%
City,2015-03,29303,68720,20425,50%
Cruddas Park,2015-03,1131,1135,526,25%
Denton Burn,2015-03,,,7,
Dinnington,2015-03,,,,
East End,2015-03,3286,18919,4369,45%
Fawdon,2015-03,87,583,119,15%
Fenham,2015-03,1488,2395,2260,32%
Gosforth,2015-03,5684,11501,8871,31%
High Heaton,2015-03,423,1092,1344,23%
Jesmond,2015-03,,,,
Kenton,2015-03,2646,4221,1853,30%
Moorside,2015-03,,,,
Newbiggin Hall,2015-03,268,923,522,7%
Newburn,2015-03,,,35,
Outer West,2015-03,3255,5889,5472,46%
Walker,2015-03,859,1348,493,34%
West End,2015-03,3341,5122,1899,38%
Blakelaw,2015-04,798,1761,200,30%
City,2015-04,25225,61643,20125,51%
Cruddas Park,2015-04,1169,890,456,22%
Denton Burn,2015-04,95,116,93,2%
Dinnington,2015-04,,,,
East End,2015-04,3181,17739,3796,43%
Fawdon,2015-04,,,,
Fenham,2015-04,1486,2117,1968,32%
Gosforth,2015-04,5045,11501,7680,30%
High Heaton,2015-04,466,1092,1081,26%
Jesmond,2015-04,,,,
Kenton,2015-04,2143,4221,1777,29%
Moorside,2015-04,,,,
Newbiggin Hall,2015-04,,,,
Newburn,2015-04,,,,
Outer West,2015-04,3652,5889,5328,46%
Walker,2015-04,287,1348,390,30%
West End,2015-04,3667,5122,1698,35%
Blakelaw,2015-05,802,1833,238,34%
City,2015-05,26915,64774,15559,50%
Cruddas Park,2015-05,1175,1052,272,23%
Denton Burn,2015-05,398,741,431,18%
Dinnington,2015-05,,,,
East End,2015-05,1778,18229,2963,44%
Fawdon,2015-05,,,,
Fenham,2015-05,1103,1478,1639,31%
Gosforth,2015-05,6220,12021,6239,29%
High Heaton,2015-05,308,992,944,24%
Jesmond,2015-05,,,,
Kenton,2015-05,1575,3848,1342,30%
Moorside,2015-05,,,,
Newbiggin Hall,2015-05,,,,
Newburn,2015-05,,,,
Outer West,2015-05,5372,5685,3887,35%
Walker,2015-05,588,1473,368,35%
West End,2015-05,3526,4970,1360,36%
Blakelaw,2015-06,812,2255,451,25%
City,2015-06,24712,63620,19809,49%
Cruddas Park,2015-06,1335,1160,546,25%
Denton Burn,2015-06,564,706,713,16%
Dinnington,2015-06,,,,
East End,2015-06,3715,17944,3566,44%
Fawdon,2015-06,,,,
Fenham,2015-06,1341,2223,1861,31%
Gosforth,2015-06,6211,12021,8282,33%
High Heaton,2015-06,286,992,1265,25%
Jesmond,2015-06,,,,
Kenton,2015-06,2709,3848,1972,26%
Moorside,2015-06,,,,
Newbiggin Hall,2015-06,,,,
Newburn,2015-06,,,,
Outer West,2015-06,3720,5685,5047,36%
Walker,2015-06,815,1473,398,30%
West End,2015-06,3017,4970,1404,38%
Blakelaw,2015-07,1066,2094,377,33%
City,2015-07,27914,67084,20976,50%
Cruddas Park,2015-07,1411,1363,475,35%
Denton Burn,2015-07,480,728,750,14%
Dinnington,2015-07,,,,
East End,2015-07,6217,19040,4106,34%
Fawdon,2015-07,,,,
Fenham,2015-07,1654,2093,2608,30%
Gosforth,2015-07,6332,12021,9504,27%
High Heaton,2015-07,587,992,1421,28%
Jesmond,2015-07,,,,
Kenton,2015-07,1978,3848,1849,30%
Moorside,2015-07,,,,
Newbiggin Hall,2015-07,,,,
Newburn,2015-07,,,,
Outer West,2015-07,1187,5685,6122,32%
Walker,2015-07,1170,1473,823,31%
West End,2015-07,3213,4970,1713,31%
Blakelaw,2015-08,929,1884,244,43%
City,2015-08,26709,63523,19365,51%
Cruddas Park,2015-08,1302,1169,507,34%
Denton Burn,2015-08,445,714,857,15%
Dinnington,2015-08,,,,
East End,2015-08,5774,20418,4264,47%
Fawdon,2015-08,,,,
Fenham,2015-08,1113,2337,2480,33%
Gosforth,2015-08,6115,8173,9434,27%
High Heaton,2015-08,385,919,1405,33%
Jesmond,2015-08,,,,
Kenton,2015-08,3493,3493,1737,36%
Moorside,2015-08,,,,
Newbiggin Hall,2015-08,,,,
Newburn,2015-08,,,1,
Outer West,2015-08,5853,5841,5984,36%
Walker,2015-08,953,1127,596,27%
West End,2015-08,2908,4303,1910,39%
Blakelaw,2015-09,836,1998,245,35%
City,2015-09,27160,62178,19449,56%
Cruddas Park,2015-09,1566,1401,587,29%
Denton Burn,2015-09,396,780,691,17%
Dinnington,2015-09,,,,
East End,2015-09,5915,20301,4526,48%
Fawdon,2015-09,,,,
Fenham,2015-09,1386,2325,2237,32%
Gosforth,2015-09,5360,8173,9084,29%
High Heaton,2015-09,567,919,1106,25%
Jesmond,2015-09,,,,
Kenton,2015-09,75,3493,1691,33%
Moorside,2015-09,,,,
Newbiggin Hall,2015-09,,,,
Newburn,2015-09,397,350,511,4%
Outer West,2015-09,5855,5841,5554,39%
Walker,2015-09,997,1127,375,27%
West End,2015-09,3253,4303,1783,39%
Blakelaw,2015-10,1231,3122,247,36%
City,2015-10,27137,63204,19246,56%
Cruddas Park,2015-10,1579,1294,410,29%
Denton Burn,2015-10,538,834,755,16%
Dinnington,2015-10,,,,
East End,2015-10,6916,21811,4283,51%
Fawdon,2015-10,,,,
Fenham,2015-10,1492,2417,2124,35%
Gosforth,2015-10,6650,8173,8453,36%
High Heaton,2015-10,492,919,1217,24%
Jesmond,2015-10,,,,
Kenton,2015-10,1899,3493,1854,37%
Moorside,2015-10,,,,
Newbiggin Hall,2015-10,,,,
Newburn,2015-10,896,896,1433,14%
Outer West,2015-10,6557,5841,5424,42%
Walker,2015-10,945,1127,437,33%
West End,2015-10,3787,4303,1953,42%
Blakelaw,2015-11,1180,2833,233,38%
City,2015-11,24922,62238,17124,55%
Cruddas Park,2015-11,1402,1209,465,32%
Denton Burn,2015-11,492,752,628,14%
Dinnington,2015-11,,,,
East End,2015-11,5747,19707,3730,45%
Fawdon,2015-11,,,,
Fenham,2015-11,1172,2007,1967,32%
Gosforth,2015-11,5936,12727,7792,35%
High Heaton,2015-11,365,992,1390,20%
Jesmond,2015-11,,,,
Kenton,2015-11,1960,3887,1537,37%
Moorside,2015-11,,,,
Newbiggin Hall,2015-11,,,,
Newburn,2015-11,553,862,1122,12%
Outer West,2015-11,6525,8038,5040,41%
Walker,2015-11,750,1265,368,28%
West End,2015-11,3467,18789,1383,42%
Blakelaw,2015-12,747,2380,147,21%
City,2015-12,20414,50912,15250,40%
Cruddas Park,2015-12,1187,889,278,26%
Denton Burn,2015-12,259,464,521,9%
Dinnington,2015-12,,,,
East End,2015-12,4910,14739,3088,32%
Fawdon,2015-12,,,,
Fenham,2015-12,788,1224,1477,20%
Gosforth,2015-12,4131,12727,5860,21%
High Heaton,2015-12,254,992,887,15%
Jesmond,2015-12,,,,
Kenton,2015-12,1508,3887,1107,27%
Moorside,2015-12,,,,
Newbiggin Hall,2015-12,,,6,
Newburn,2015-12,349,862,749,8%
Outer West,2015-12,3548,8038,4091,27%
Walker,2015-12,516,1265,175,16%
West End,2015-12,2401,18789,1062,36%
Blakelaw,2016-01,787,2826,208,9%
City,2016-01,24416,57627,18596,53%
Cruddas Park,2016-01,1287,1127,511,32%
Denton Burn,2016-01,412,586,619,12%
Dinnington,2016-01,,,,
East End,2016-01,5185,17724,4103,40%
Fawdon,2016-01,,,,
Fenham,2016-01,1149,1812,2065,31%
Gosforth,2016-01,4721,12727,7580,25%
High Heaton,2016-01,471,992,1163,19%
Jesmond,2016-01,,,,
Kenton,2016-01,876,3887,1614,31%
Moorside,2016-01,,,,
Newbiggin Hall,2016-01,,,18,
Newburn,2016-01,608,862,1051,11%
Outer West,2016-01,5701,8038,5110,36%
Walker,2016-01,735,1265,353,26%
West End,2016-01,2169,18789,1131,36%
Blakelaw,2016-02,175,2409,61,5%
City,2016-02,26379,63405,17885,55%
Cruddas Park,2016-02,1422,1088,295,28%
Denton Burn,2016-02,440,718,796,15%
Dinnington,2016-02,,,,
East End,2016-02,5987,19531,3750,49%
Fawdon,2016-02,,,,
Fenham,2016-02,1169,1802,1986,36%
Gosforth,2016-02,5308,11141,7682,31%
High Heaton,2016-02,370,971,1119,21%
Jesmond,2016-02,,,,
Kenton,2016-02,1506,3185,1500,34%
Moorside,2016-02,,,,
Newbiggin Hall,2016-02,,,28,
Newburn,2016-02,709,971,1279,11%
Outer West,2016-02,7732,8545,5014,40%
Walker,2016-02,874,1348,364,32%
West End,2016-02,2393,5200,1342,45%
Blakelaw,2016-03,1032,2363,245,30%
City,2016-03,23090,61221,17467,54%
Cruddas Park,2016-03,1451,990,358,31%
Denton Burn,2016-03,423,596,479,14%
Dinnington,2016-03,,,,
East End,2016-03,5341,19749,3989,50%
Fawdon,2016-03,,,,
Fenham,2016-03,1128,1696,1967,36%
Gosforth,2016-03,5598,11141,7282,32%
High Heaton,2016-03,430,971,1201,33%
Jesmond,2016-03,,,,
Kenton,2016-03,2107,3185,1682,33%
Moorside,2016-03,,,,
Newbiggin Hall,2016-03,,,63,
Newburn,2016-03,491,971,962,10%
Outer West,2016-03,5502,8545,5356,40%
Walker,2016-03,858,1348,352,38%
West End,2016-03,2412,5200,1376,46%
Blakelaw,2016-04,811,2051,253,26%
City,2016-04,23967,67403,17682,56%
Cruddas Park,2016-04,1520,1122,437,36%
Denton Burn,2016-04,443,421,566,13%
Dinnington,2016-04,,,,
East End,2016-04,6506,21154,3807,66%
Fawdon,2016-04,,,,
Fenham,2016-04,1206,1674,2152,64%
Gosforth,2016-04,5567,11141,7771,44%
High Heaton,2016-04,549,971,1330,29%
Jesmond,2016-04,,,,
Kenton,2016-04,2399,3185,1684,46%
Moorside,2016-04,,,,
Newbiggin Hall,2016-04,,,32,
Newburn,2016-04,474,971,1082,12%
Outer West,2016-04,4398,8545,5354,66%
Walker,2016-04,748,1348,356,35%
West End,2016-04,2504,5200,1376,60%
Blakelaw,2016-05,735,1476,245,23%
City,2016-05,21904,60388,16301,70%
Cruddas Park,2016-05,1348,1066,355,36%
Denton Burn,2016-05,435,423,644,18%
Dinnington,2016-05,,,,
East End,2016-05,62,3866,727,
Fawdon,2016-05,,,,
Fenham,2016-05,729,1118,1338,47%
Gosforth,2016-05,3640,3995,5430,49%
High Heaton,2016-05,537,1192,1441,32%
Jesmond,2016-05,,,,
Kenton,2016-05,1001,1049,1219,44%
Moorside,2016-05,,,,
Newbiggin Hall,2016-05,,,30,
Newburn,2016-05,498,611,992,16%
Outer West,2016-05,2373,2210,3838,51%
Walker,2016-05,470,468,377,36%
West End,2016-05,2434,3012,952,64%
Blakelaw,2016-06,752,2047,196,33%
City,2016-06,14326,59304,17180,64%
Cruddas Park,2016-06,884,956,354,34%
Denton Burn,2016-06,512,499,814,25%
Dinnington,2016-06,,,,
East End,2016-06,,,1,
Fawdon,2016-06,,,,
Fenham,2016-06,910,1118,1500,43%
Gosforth,2016-06,3060,3995,4835,31%
High Heaton,2016-06,698,1192,1423,31%
Jesmond,2016-06,,,,
Kenton,2016-06,426,1049,1158,40%
Moorside,2016-06,,,,
Newbiggin Hall,2016-06,,,57,
Newburn,2016-06,365,611,816,15%
Outer West,2016-06,1700,2210,3768,45%
Walker,2016-06,603,468,385,30%
West End,2016-06,2453,3012,957,52%
Blakelaw,2016-07,710,2156,357,35%
City,2016-07,25586,58149,17852,69%
Cruddas Park,2016-07,1092,993,523,32%
Denton Burn,2016-07,514,533,634,30%
Dinnington,2016-07,,,,
East End,2016-07,1578,2221,874,14%
Fawdon,2016-07,,,,
Fenham,2016-07,963,1476,1611,43%
Gosforth,2016-07,3122,3995,5808,40%
High Heaton,2016-07,527,1192,1423,23%
Jesmond,2016-07,,,,
Kenton,2016-07,499,1049,1366,33%
Moorside,2016-07,,,,
Newbiggin Hall,2016-07,,,70,
Newburn,2016-07,506,611,1009,21%
Outer West,2016-07,2922,2210,4101,52%
Walker,2016-07,362,468,458,27%
West End,2016-07,2594,3012,1080,52%
Blakelaw,2016-08,553,1859,323,46%
City,2016-08,23810,60403,18975,69%
Cruddas Park,2016-08,1179,989,513,33%
Denton Burn,2016-08,600,536,878,34%
Dinnington,2016-08,,,,
East End,2016-08,3807,3419,1990,47%
Fawdon,2016-08,,,,
Fenham,2016-08,1014,1212,1886,50%
Gosforth,2016-08,3380,3246,6271,40%
High Heaton,2016-08,846,1391,1404,27%
Jesmond,2016-08,,,,
Kenton,2016-08,896,1855,1250,44%
Moorside,2016-08,,,,
Newbiggin Hall,2016-08,,,54,
Newburn,2016-08,496,611,1107,18%
Outer West,2016-08,3379,1998,3927,55%
Walker,2016-08,440,667,338,32%
West End,2016-08,3103,4676,1067,51%
Blakelaw,2016-09,1189,1854,301,41%
City,2016-09,23526,57427,16708,66%
Cruddas Park,2016-09,1624,1176,563,32%
Denton Burn,2016-09,603,668,753,32%
Dinnington,2016-09,,,,
East End,2016-09,3743,3419,2301,54%
Fawdon,2016-09,,,,
Fenham,2016-09,1254,1422,1666,45%
Gosforth,2016-09,2419,3246,5400,42%
High Heaton,2016-09,643,1391,1594,28%
Jesmond,2016-09,,,,
Kenton,2016-09,1091,1855,1431,40%
Moorside,2016-09,,,,
Newbiggin Hall,2016-09,,,38,9%
Newburn,2016-09,480,611,885,14%
Outer West,2016-09,4114,1998,4128,49%
Walker,2016-09,348,667,258,23%
West End,2016-09,2197,4676,880,45%
Blakelaw,2016-10,1452,1874,292,45%
City,2016-10,24223,58557,17315,65%
Cruddas Park,2016-10,1215,946,447,28%
Denton Burn,2016-10,601,711,837,31%
Dinnington,2016-10,,,,
East End,2016-10,6914,3419,2483,50%
Fawdon,2016-10,,,,
Fenham,2016-10,908,1353,1564,48%
Gosforth,2016-10,2479,3246,5897,43%
High Heaton,2016-10,653,1391,1605,29%
Jesmond,2016-10,,,,
Kenton,2016-10,556,1855,1029,37%
Moorside,2016-10,,,,
Newbiggin Hall,2016-10,,,30,7%
Newburn,2016-10,891,611,914,16%
Outer West,2016-10,1197,1998,3566,48%
Walker,2016-10,416,480,356,28%
West End,2016-10,3012,4676,1002,42%
Blakelaw,2016-11,1428,1843,380,44%
City,2016-11,22628,57791,14784,65%
Cruddas Park,2016-11,1261,1016,479,29%
Denton Burn,2016-11,446,634,722,27%
Dinnington,2016-11,,,,
East End,2016-11,2237,2422,1881,48%
Fawdon,2016-11,,,,
Fenham,2016-11,810,1276,1387,37%
Gosforth,2016-11,2724,2942,5677,37%
High Heaton,2016-11,513,1478,1445,25%
Jesmond,2016-11,,,,
Kenton,2016-11,428,2080,1543,43%
Moorside,2016-11,,,,
Newbiggin Hall,2016-11,,,39,3%
Newburn,2016-11,629,585,783,19%
Outer West,2016-11,1721,2951,3727,41%
Walker,2016-11,333,455,307,28%
West End,2016-11,2510,3181,641,48%
Blakelaw,2016-12,862,1543,139,30%
City,2016-12,17413,49239,12436,57%
Cruddas Park,2016-12,928,793,239,21%
Denton Burn,2016-12,312,445,630,24%
Dinnington,2016-12,,,,
East End,2016-12,1832,2422,1633,39%
Fawdon,2016-12,,,,
Fenham,2016-12,712,908,1280,27%
Gosforth,2016-12,2038,2942,4205,29%
High Heaton,2016-12,425,1478,880,18%
Jesmond,2016-12,,,,
Kenton,2016-12,200,2080,1717,32%
Moorside,2016-12,,,,
Newbiggin Hall,2016-12,,,22,3%
Newburn,2016-12,655,585,594,10%
Outer West,2016-12,1466,2951,3069,36%
Walker,2016-12,244,312,190,17%
West End,2016-12,1257,3181,619,39%
Blakelaw,2017-01,964,1674,319,23%
City,2017-01,20412,55156,16242,58%
Cruddas Park,2017-01,1491,1206,506,32%
Denton Burn,2017-01,468,567,711,30%
Dinnington,2017-01,,,,
East End,2017-01,2125,2422,1952,45%
Fawdon,2017-01,,,,
Fenham,2017-01,873,1188,1301,34%
Gosforth,2017-01,2262,2942,5381,38%
High Heaton,2017-01,481,1478,1278,25%
Jesmond,2017-01,,,,
Kenton,2017-01,214,2080,1023,39%
Moorside,2017-01,,,,
Newbiggin Hall,2017-01,,,41,5%
Newburn,2017-01,530,585,822,13%
Outer West,2017-01,1377,2951,3390,43%
Walker,2017-01,367,433,411,28%
West End,2017-01,2503,3181,925,42%
Blakelaw,2017-02,1092,1256,235,27%
City,2017-02,21449,54967,14867,57%
Cruddas Park,2017-02,1148,1075,357,38%
Denton Burn,2017-02,506,612,621,30%
Dinnington,2017-02,,,,
East End,2017-02,2523,4017,2044,31%
Fawdon,2017-02,,,,
Fenham,2017-02,866,1096,1441,38%
Gosforth,2017-02,2370,3493,5134,36%
High Heaton,2017-02,416,1248,1282,34%
Jesmond,2017-02,,,,
Kenton,2017-02,409,1668,1340,35%
Moorside,2017-02,,,,
Newbiggin Hall,2017-02,,,24,4%
Newburn,2017-02,793,633,826,16%
Outer West,2017-02,1000,2834,3619,46%
Walker,2017-02,336,463,289,40%
West End,2017-02,2643,4394,914,49%
Blakelaw,2017-03,1805,1548,281,39%
City,2017-03,26536,58820,15702,56%
Cruddas Park,2017-03,1283,1014,429,36%
Denton Burn,2017-03,462,659,641,31%
Dinnington,2017-03,,,,
East End,2017-03,2809,4017,2203,31%
Fawdon,2017-03,,,,
Fenham,2017-03,776,1297,1612,32%
Gosforth,2017-03,2864,3493,5637,38%
High Heaton,2017-03,557,1248,1408,24%
Jesmond,2017-03,,,,
Kenton,2017-03,186,1668,1353,37%
Moorside,2017-03,,,,
Newbiggin Hall,2017-03,,,24,4%
Newburn,2017-03,639,633,888,16%
Outer West,2017-03,2109,2834,4115,44%
Walker,2017-03,431,463,441,36%
West End,2017-03,3025,4394,951,44%
Blakelaw,2017-04,1556,1687,325,33%
City,2017-04,22587,52753,14303,58%
Cruddas Park,2017-04,1156,840,373,40%
Denton Burn,2017-04,574,560,570,33%
Dinnington,2017-04,,,,
East End,2017-04,1766,4017,1977,31%
Fawdon,2017-04,,,,
Fenham,2017-04,1193,1359,1386,39%
Gosforth,2017-04,2032,3493,4964,37%
High Heaton,2017-04,429,1248,1473,27%
Jesmond,2017-04,,,,
Kenton,2017-04,288,1668,944,32%
Moorside,2017-04,,,,
Newbiggin Hall,2017-04,,,,6%
Newburn,2017-04,609,654,851,16%
Outer West,2017-04,1112,2834,3387,41%
Walker,2017-04,278,401,332,31%
West End,2017-04,2594,4394,876,49%
Blakelaw,2017-05,1547,1873,356,26%
City,2017-05,22344,56776,13866,56%
Cruddas Park,2017-05,1207,985,343,40%
Denton Burn,2017-05,414,481,506,27%
Dinnington,2017-05,,,,
East End,2017-05,1609,2479,1765,32%
Fawdon,2017-05,,,,
Fenham,2017-05,1250,1375,1341,27%
Gosforth,2017-05,2432,3532,5299,37%
High Heaton,2017-05,567,1179,1501,28%
Jesmond,2017-05,,,,
Kenton,2017-05,665,1343,1008,29%
Moorside,2017-05,,,,
Newbiggin Hall,2017-05,,,11,6%
Newburn,2017-05,481,780,861,21%
Outer West,2017-05,1436,3090,3013,40%
Walker,2017-05,342,459,252,38%
West End,2017-05,2543,3384,862,42%
Blakelaw,2017-06,1267,1734,185,33%
City,2017-06,23062,55027,13818,55%
Cruddas Park,2017-06,974,1031,370,40%
Denton Burn,2017-06,454,575,744,24%
Dinnington,2017-06,,,,
East End,2017-06,2078,2479,2209,27%
Fawdon,2017-06,,,,
Fenham,2017-06,848,1092,1412,24%
Gosforth,2017-06,2706,3532,4850,36%
High Heaton,2017-06,539,1179,1345,25%
Jesmond,2017-06,,,,
Kenton,2017-06,856,1343,931,29%
Moorside,2017-06,,,,
Newbiggin Hall,2017-06,,,23,8%
Newburn,2017-06,590,564,841,21%
Outer West,2017-06,1568,3090,3294,42%
Walker,2017-06,464,491,302,36%
West End,2017-06,2631,3384,1036,43%
Blakelaw,2017-07,1143,1658,271,40%
City,2017-07,23809,56118,15314,54%
Cruddas Park,2017-07,1172,1051,416,35%
Denton Burn,2017-07,663,696,898,28%
Dinnington,2017-07,,,,
East End,2017-07,2025,2479,2427,30%
Fawdon,2017-07,,,,
Fenham,2017-07,938,1042,1567,31%
Gosforth,2017-07,2485,3532,5195,37%
High Heaton,2017-07,616,1179,1588,24%
Jesmond,2017-07,,,,
Kenton,2017-07,481,1343,922,33%
Moorside,2017-07,,,,
Newbiggin Hall,2017-07,,,13,4%
Newburn,2017-07,604,585,768,16%
Outer West,2017-07,1981,3090,3477,40%
Walker,2017-07,701,627,275,38%
West End,2017-07,2438,3384,1268,46%
Blakelaw,2017-08,790,1254,351,62%
City,2017-08,22599,59766,16443,57%
Cruddas Park,2017-08,1275,922,367,39%
Denton Burn,2017-08,556,681,736,28%
Dinnington,2017-08,,,,
East End,2017-08,1784,2526,2070,27%
Fawdon,2017-08,,,,12%
Fenham,2017-08,1951,2100,2229,34%
Gosforth,2017-08,2668,2899,6266,42%
High Heaton,2017-08,682,1070,1589,25%
Jesmond,2017-08,,,,
Kenton,2017-08,961,1824,1213,34%
Moorside,2017-08,,,,
Newbiggin Hall,2017-08,,,7,4%
Newburn,2017-08,429,901,856,20%
Outer West,2017-08,1869,3614,4289,46%
Walker,2017-08,388,435,315,38%
West End,2017-08,2379,2648,1133,42%
Blakelaw,2017-09,1225,1579,215,36%
City,2017-09,23841,56741,14680,56%
Cruddas Park,2017-09,1253,963,374,35%
Denton Burn,2017-09,530,677,805,31%
Dinnington,2017-09,,,,
East End,2017-09,2242,2526,2105,36%
Fawdon,2017-09,,,,15%
Fenham,2017-09,1000,1414,1694,28%
Gosforth,2017-09,2413,2899,5405,40%
High Heaton,2017-09,723,1070,1430,29%
Jesmond,2017-09,,,,
Kenton,2017-09,866,1824,1007,32%
Moorside,2017-09,,,,
Newbiggin Hall,2017-09,,,15,10%
Newburn,2017-09,607,901,741,18%
Outer West,2017-09,1868,3614,3732,43%
Walker,2017-09,352,479,315,44%
West End,2017-09,2997,2648,830,42%
Blakelaw,2017-10,1047,1679,231,42%
City,2017-10,22816,58517,15348,55%
Cruddas Park,2017-10,1284,1037,317,38%
Denton Burn,2017-10,522,731,692,27%
Dinnington,2017-10,,,,
East End,2017-10,2157,2526,2155,34%
Fawdon,2017-10,,,,13%
Fenham,2017-10,883,1158,1313,31%
Gosforth,2017-10,2360,2899,5127,31%
High Heaton,2017-10,647,1070,1598,30%
Jesmond,2017-10,,,,
Kenton,2017-10,826,1824,850,31%
Moorside,2017-10,,,,
Newbiggin Hall,2017-10,,,15,13%
Newburn,2017-10,594,641,770,17%
Outer West,2017-10,1209,3614,3226,43%
Walker,2017-10,368,502,308,40%
West End,2017-10,2682,2648,1026,43%
Blakelaw,2017-11,1142,1786,195,26%
City,2017-11,20511,59209,13363,53%
Cruddas Park,2017-11,1173,1018,330,37%
Denton Burn,2017-11,477,665,761,24%
Dinnington,2017-11,,,,
East End,2017-11,1564,3038,1851,34%
Fawdon,2017-11,,,,10%
Fenham,2017-11,1637,1780,1580,27%
Gosforth,2017-11,2039,5066,4823,31%
High Heaton,2017-11,889,1512,1191,24%
Jesmond,2017-11,,,,
Kenton,2017-11,829,1257,933,35%
Moorside,2017-11,,,,
Newbiggin Hall,2017-11,,,9,0%
Newburn,2017-11,603,685,631,15%
Outer West,2017-11,1811,2301,3638,37%
Walker,2017-11,518,554,191,33%
West End,2017-11,2400,3640,837,45%
Blakelaw,2017-12,664,1387,107,26%
City,2017-12,16054,45511,10883,44%
Cruddas Park,2017-12,887,963,294,29%
Denton Burn,2017-12,327,510,720,20%
Dinnington,2017-12,,,,
East End,2017-12,1155,3038,1618,26%
Fawdon,2017-12,,,,8%
Fenham,2017-12,1552,1174,1112,18%
Gosforth,2017-12,1718,5066,3528,30%
High Heaton,2017-12,668,1512,810,18%
Jesmond,2017-12,,,,
Kenton,2017-12,657,1257,813,25%
Moorside,2017-12,,,,
Newbiggin Hall,2017-12,,,10,1%
Newburn,2017-12,412,460,504,10%
Outer West,2017-12,1596,2301,2820,30%
Walker,2017-12,436,311,139,31%
West End,2017-12,1870,3640,879,44%
Blakelaw,2018-01,703,1495,188,33%
City,2018-01,19453,57049,14622,54%
Cruddas Park,2018-01,1066,903,294,30%
Denton Burn,2018-01,472,676,618,31%
Dinnington,2018-01,,,,
East End,2018-01,1473,3038,1804,34%
Fawdon,2018-01,,,,11%
Fenham,2018-01,1904,1618,1361,26%
Gosforth,2018-01,2156,5066,4972,35%
High Heaton,2018-01,947,1512,1306,22%
Jesmond,2018-01,,,,
Kenton,2018-01,863,1257,970,29%
Moorside,2018-01,,,,
Newbiggin Hall,2018-01,,,15,5%
Newburn,2018-01,573,699,864,16%
Outer West,2018-01,1405,2301,3529,38%
Walker,2018-01,651,532,215,43%
West End,2018-01,2579,3640,847,48%
Blakelaw,2018-02,577,1346,151,29%
City,2018-02,18473,53034,13561,47%
Cruddas Park,2018-02,1269,969,216,41%
Denton Burn,2018-02,601,714,585,35%
Dinnington,2018-02,,,,
East End,2018-02,2176,2994,1663,33%
Fawdon,2018-02,,,,10%
Fenham,2018-02,2287,1544,1363,33%
Gosforth,2018-02,2655,4416,4412,34%
High Heaton,2018-02,1089,1200,1128,28%
Jesmond,2018-02,,,,
Kenton,2018-02,533,2327,978,30%
Moorside,2018-02,,,,
Newbiggin Hall,2018-02,,,24,9%
Newburn,2018-02,590,783,950,13%
Outer West,2018-02,1588,3020,2963,37%
Walker,2018-02,699,449,193,42%
West End,2018-02,2165,3722,941,47%
Blakelaw,2018-03,1046,1291,193,32%
City,2018-03,18868,55801,16654,52%
Cruddas Park,2018-03,1126,886,308,32%
Denton Burn,2018-03,433,614,576,22%
Dinnington,2018-03,,,,
East End,2018-03,2342,2994,2248,32%
Fawdon,2018-03,,,,12%
Fenham,2018-03,1284,1271,1467,22%
Gosforth,2018-03,2577,4416,5426,40%
High Heaton,2018-03,636,1200,1247,17%
Jesmond,2018-03,,,,
Kenton,2018-03,804,2327,1115,34%
Moorside,2018-03,,,,
Newbiggin Hall,2018-03,,,8,14%
Newburn,2018-03,510,607,655,14%
Outer West,2018-03,1672,3020,3405,39%
Walker,2018-03,555,603,261,46%
West End,2018-03,2139,3722,902,47%
Blakelaw,2018-04,559,1296,186,53%
City,2018-04,21178,54290,16017,53%
Cruddas Park,2018-04,826,910,318,45%
Denton Burn,2018-04,431,575,671,25%
Dinnington,2018-04,,,,
East End,2018-04,1535,2994,1913,36%
Fawdon,2018-04,,,,
Fenham,2018-04,978,1646,1532,28%
Gosforth,2018-04,1279,4416,4931,40%
High Heaton,2018-04,364,1200,1271,21%
Jesmond,2018-04,,,,
Kenton,2018-04,285,2327,959,39%
Moorside,2018-04,,,,
Newbiggin Hall,2018-04,,,1,16%
Newburn,2018-04,492,663,833,16%
Outer West,2018-04,1485,3020,3033,46%
Walker,2018-04,356,460,251,38%
West End,2018-04,1437,3722,886,46%
Blakelaw,2018-05,305,1387,202,24%
City,2018-05,17022,55278,15777,53%
Cruddas Park,2018-05,704,968,491,43%
Denton Burn,2018-05,471,516,654,22%
Dinnington,2018-05,,,,
East End,2018-05,2104,3163,1634,34%
Fawdon,2018-05,,,,
Fenham,2018-05,821,1335,1502,30%
Gosforth,2018-05,1040,3185,5553,35%
High Heaton,2018-05,446,1027,1539,22%
Jesmond,2018-05,,,,
Kenton,2018-05,339,2689,1074,35%
Moorside,2018-05,,,,
Newbiggin Hall,2018-05,,,11,15%
Newburn,2018-05,283,723,688,30%
Outer West,2018-05,2070,2509,3181,41%
Walker,2018-05,268,461,263,40%
West End,2018-05,2871,3090,726,46%
Blakelaw,2018-06,280,1391,155,24%
City,2018-06,17374,53083,15340,49%
Cruddas Park,2018-06,583,966,334,39%
Denton Burn,2018-06,519,559,751,22%
Dinnington,2018-06,,,,
East End,2018-06,2219,3163,1756,39%
Fawdon,2018-06,,,,
Fenham,2018-06,585,1332,1581,34%
Gosforth,2018-06,1298,3185,4879,44%
High Heaton,2018-06,261,1027,1275,30%
Jesmond,2018-06,,,,
Kenton,2018-06,377,2689,1016,35%
Moorside,2018-06,,,,
Newbiggin Hall,2018-06,,,15,12%
Newburn,2018-06,408,607,835,20%
Outer West,2018-06,2099,2509,3142,45%
Walker,2018-06,322,455,236,30%
West End,2018-06,2661,3090,813,39%
Blakelaw,2018-07,346,1359,156,41%
City,2018-07,15238,53551,16205,49%
Cruddas Park,2018-07,634,939,309,46%
Denton Burn,2018-07,545,623,887,23%
Dinnington,2018-07,,,,
East End,2018-07,1998,3163,1938,34%
Fawdon,2018-07,,,,6%
Fenham,2018-07,482,1051,1495,43%
Gosforth,2018-07,1205,3185,5190,34%
High Heaton,2018-07,341,1027,1556,19%
Jesmond,2018-07,,,,
Kenton,2018-07,264,2689,1078,37%
Moorside,2018-07,,,,
Newbiggin Hall,2018-07,,,14,7%
Newburn,2018-07,370,591,760,19%
Outer West,2018-07,1799,2509,3146,44%
Walker,2018-07,304,529,330,29%
West End,2018-07,2355,3090,1030,46%
Blakelaw,2018-08,225,1271,206,30%
City,2018-08,16339,54830,16815,50%
Cruddas Park,2018-08,532,887,536,42%
Denton Burn,2018-08,556,502,900,22%
Dinnington,2018-08,,,,
East End,2018-08,2062,3445,1955,43%
Fawdon,2018-08,,,,7%
Fenham,2018-08,701,1555,1712,28%
Gosforth,2018-08,1391,3623,6055,39%
High Heaton,2018-08,465,884,1749,21%
Jesmond,2018-08,,,,
Kenton,2018-08,238,1239,1133,39%
Moorside,2018-08,,,,
Newbiggin Hall,2018-08,,,20,6%
Newburn,2018-08,374,533,760,21%
Outer West,2018-08,2143,2214,3761,44%
Walker,2018-08,338,465,351,31%
West End,2018-08,2415,3770,1136,41%
Blakelaw,2018-09,258,1597,123,18%
City,2018-09,14234,52910,14795,47%
Cruddas Park,2018-09,434,931,406,35%
Denton Burn,2018-09,405,516,652,26%
Dinnington,2018-09,,,,
East End,2018-09,1565,3445,2055,31%
Fawdon,2018-09,,,,12%
Fenham,2018-09,222,757,764,17%
Gosforth,2018-09,2076,3623,4979,35%
High Heaton,2018-09,360,884,1419,23%
Jesmond,2018-09,,,,
Kenton,2018-09,149,1239,1013,28%
Moorside,2018-09,,,,
Newbiggin Hall,2018-09,,,7,7%
Newburn,2018-09,357,590,712,18%
Outer West,2018-09,1393,2214,3581,37%
Walker,2018-09,160,515,260,28%
West End,2018-09,2477,3770,874,44%
Blakelaw,2018-10,331,1379,256,21%
City,2018-10,18844,57850,15678,47%
Cruddas Park,2018-10,572,1220,717,39%
Denton Burn,2018-10,364,556,722,25%
Dinnington,2018-10,,,,
East End,2018-10,1724,3445,2013,36%
Fawdon,2018-10,,,,12%
Fenham,2018-10,1,319,176,0%
Gosforth,2018-10,1791,3623,5233,35%
High Heaton,2018-10,353,884,1411,24%
Jesmond,2018-10,,,,
Kenton,2018-10,139,1239,885,42%
Moorside,2018-10,,,,
Newbiggin Hall,2018-10,,,23,14%
Newburn,2018-10,420,723,804,21%
Outer West,2018-10,1679,2214,3143,51%
Walker,2018-10,212,477,253,27%
West End,2018-10,2475,3770,1062,52%
Blakelaw,2018-11,279,1375,185,27%
City,2018-11,17173,57757,13616,47%
Cruddas Park,2018-11,512,1005,553,37%
Denton Burn,2018-11,303,555,843,29%
Dinnington,2018-11,,,,
East End,2018-11,1599,3449,2154,29%
Fawdon,2018-11,,,,18%
Fenham,2018-11,190,382,218,19%
Gosforth,2018-11,1619,3566,5049,38%
High Heaton,2018-11,215,958,1414,20%
Jesmond,2018-11,,,,
Kenton,2018-11,141,1109,1028,25%
Moorside,2018-11,,,,
Newbiggin Hall,2018-11,,,3,6%
Newburn,2018-11,346,601,741,12%
Outer West,2018-11,1608,2340,3441,39%
Walker,2018-11,130,389,227,24%
West End,2018-11,1906,3129,1069,40%
Blakelaw,2018-12,170,1132,136,18%
City,2018-12,13319,46198,12868,43%
Cruddas Park,2018-12,307,705,385,24%
Denton Burn,2018-12,248,490,670,15%
Dinnington,2018-12,,,,
East End,2018-12,1201,3449,1664,37%
Fawdon,2018-12,,,,10%
Fenham,2018-12,116,298,196,4%
Gosforth,2018-12,989,3566,4195,24%
High Heaton,2018-12,93,958,1190,21%
Jesmond,2018-12,,,,
Kenton,2018-12,73,1109,786,20%
Moorside,2018-12,,,,
Newbiggin Hall,2018-12,,,2,4%
Newburn,2018-12,255,514,520,18%
Outer West,2018-12,1016,2340,2358,30%
Walker,2018-12,58,229,198,25%
West End,2018-12,1444,3129,1002,37%
Blakelaw,2019-01,356,1684,152,36%
City,2019-01,14023,56660,15544,47%
Cruddas Park,2019-01,370,1047,529,37%
Denton Burn,2019-01,287,556,925,21%
Dinnington,2019-01,,,,
East End,2019-01,1554,3449,2209,29%
Fawdon,2019-01,,,,7%
Fenham,2019-01,461,849,293,19%
Gosforth,2019-01,1586,3566,5070,32%
High Heaton,2019-01,374,958,1767,42%
Jesmond,2019-01,,,,
Kenton,2019-01,93,1109,1043,33%
Moorside,2019-01,,,,
Newbiggin Hall,2019-01,,,3,7%
Newburn,2019-01,301,583,768,25%
Outer West,2019-01,1740,2340,3342,43%
Walker,2019-01,293,541,354,36%
West End,2019-01,2131,3129,880,57%
Blakelaw,2019-02,172,845,151,21%
City,2019-02,15100,50793,13670,46%
Cruddas Park,2019-02,458,965,666,37%
Denton Burn,2019-02,297,524,706,29%
Dinnington,2019-02,,,,
East End,2019-02,1472,3259,1855,35%
Fawdon,2019-02,,,,10%
Fenham,2019-02,262,757,342,27%
Gosforth,2019-02,1402,3679,4716,25%
High Heaton,2019-02,230,1304,1641,38%
Jesmond,2019-02,,,,
Kenton,2019-02,76,1226,955,29%
Moorside,2019-02,,,,
Newbiggin Hall,2019-02,,,,5%
Newburn,2019-02,312,501,853,12%
Outer West,2019-02,1433,3324,3120,43%
Walker,2019-02,214,583,276,36%
West End,2019-02,1858,3376,793,54%
Blakelaw,2019-03,140,796,96,21%
City,2019-03,15673,56452,14159,54%
Cruddas Park,2019-03,481,1001,724,39%
Denton Burn,2019-03,390,649,683,25%
Dinnington,2019-03,,,,
East End,2019-03,1688,3259,1713,31%
Fawdon,2019-03,,,,2%
Fenham,2019-03,268,817,338,10%
Gosforth,2019-03,1133,3679,5087,28%
High Heaton,2019-03,170,1304,1327,40%
Jesmond,2019-03,,,,
Kenton,2019-03,132,1226,804,22%
Moorside,2019-03,,,,
Newbiggin Hall,2019-03,,,,10%
Newburn,2019-03,353,577,779,18%
Outer West,2019-03,1438,3324,2883,35%
Walker,2019-03,250,762,388,38%
West End,2019-03,2046,3376,787,43%
Blakelaw,2019-04,113,785,93,11%
City,2019-04,9870,49030,12875,47%
Cruddas Park,2019-04,463,1110,913,38%
Denton Burn,2019-04,232,592,538,23%
Dinnington,2019-04,,,,
East End,2019-04,979,3259,1494,28%
Fawdon,2019-04,,,,1%
Fenham,2019-04,635,1542,1011,20%
Gosforth,2019-04,884,3679,4226,30%
High Heaton,2019-04,177,1304,1326,20%
Jesmond,2019-04,,,,
Kenton,2019-04,203,1226,902,19%
Moorside,2019-04,,,,
Newbiggin Hall,2019-04,,,,6%
Newburn,2019-04,261,541,724,15%
Outer West,2019-04,841,3324,2620,57%
Walker,2019-04,136,446,232,42%
West End,2019-04,1279,3376,666,39%
Blakelaw,2019-05,216,589,81,15%
City,2019-05,8552,52035,12592,46%
Cruddas Park,2019-05,454,1065,591,35%
Denton Burn,2019-05,169,527,605,25%
Dinnington,2019-05,,,,
East End,2019-05,717,2898,1414,35%
Fawdon,2019-05,,,,5%
Fenham,2019-05,786,1580,1268,25%
Gosforth,2019-05,1373,3442,4979,25%
High Heaton,2019-05,209,1120,1387,42%
Jesmond,2019-05,,,,
Kenton,2019-05,217,1259,759,15%
Moorside,2019-05,,,,
Newbiggin Hall,2019-05,,,,7%
Newburn,2019-05,243,477,717,17%
Outer West,2019-05,1153,2889,3178,38%
Walker,2019-05,127,447,153,69%
West End,2019-05,1421,2030,582,54%
Blakelaw,2019-06,145,629,97,13%
City,2019-06,8529,43374,12119,37%
Cruddas Park,2019-06,400,1265,413,37%
Denton Burn,2019-06,227,472,576,37%
Dinnington,2019-06,,,,
East End,2019-06,0,2898,93,0%
Fawdon,2019-06,,,,
Fenham,2019-06,534,1410,1305,25%
Gosforth,2019-06,973,3442,4422,30%
High Heaton,2019-06,240,1120,1219,42%
Jesmond,2019-06,,,,
Kenton,2019-06,279,1259,859,31%
Moorside,2019-06,,,,
Newbiggin Hall,2019-06,,,,
Newburn,2019-06,353,511,748,14%
Outer West,2019-06,865,2889,2640,38%
Walker,2019-06,188,405,250,30%
West End,2019-06,1243,2030,650,49%
Blakelaw,2019-07,175,699,90,16%
City,2019-07,10518,46245,13834,36%
Cruddas Park,2019-07,533,1197,491,33%
Denton Burn,2019-07,224,615,664,21%
Dinnington,2019-07,,,,
East End,2019-07,0,2898,50,0%
Fawdon,2019-07,,,,
Fenham,2019-07,695,1715,1643,28%
Gosforth,2019-07,1680,3442,5119,26%
High Heaton,2019-07,286,1120,1834,19%
Jesmond,2019-07,,,,
Kenton,2019-07,210,1259,1011,22%
Moorside,2019-07,,,,
Newbiggin Hall,2019-07,,,,
Newburn,2019-07,296,479,773,25%
Outer West,2019-07,969,2889,3030,33%
Walker,2019-07,328,698,357,36%
West End,2019-07,1326,2030,808,40%
Blakelaw,2019-08,99,129,93,10%
City,2019-08,9954,48849,15428,37%
Cruddas Park,2019-08,498,1256,438,36%
Denton Burn,2019-08,376,634,785,18%
Dinnington,2019-08,,,,
East End,2019-08,0,2898,48,0%
Fawdon,2019-08,,,,
Fenham,2019-08,842,1823,1982,28%
Gosforth,2019-08,1422,4043,5708,34%
High Heaton,2019-08,373,1381,1995,43%
Jesmond,2019-08,,,,
Kenton,2019-08,332,1342,1133,36%
Moorside,2019-08,,,,
Newbiggin Hall,2019-08,,,,
Newburn,2019-08,393,542,984,18%
Outer West,2019-08,1300,2688,3760,38%
Walker,2019-08,233,555,358,31%
West End,2019-08,746,2475,812,43%
Blakelaw,2019-09,135,101,92,10%
City,2019-09,9489,46061,12954,36%
Cruddas Park,2019-09,438,1189,353,30%
Denton Burn,2019-09,315,582,759,25%
Dinnington,2019-09,,,,
East End,2019-09,0,2898,62,0%
Fawdon,2019-09,,,,
Fenham,2019-09,565,1628,1340,34%
Gosforth,2019-09,1471,4043,4423,31%
High Heaton,2019-09,273,1381,1432,16%
Jesmond,2019-09,,,,
Kenton,2019-09,119,1342,864,22%
Moorside,2019-09,,,,
Newbiggin Hall,2019-09,,,,
Newburn,2019-09,348,422,745,17%
Outer West,2019-09,679,2688,2712,42%
Walker,2019-09,214,580,402,49%
West End,2019-09,938,2475,656,41%
Blakelaw,2019-10,159,107,31,7%
City,2019-10,9860,51406,14096,36%
Cruddas Park,2019-10,455,1119,470,25%
Denton Burn,2019-10,360,702,870,18%
Dinnington,2019-10,,,,
East End,2019-10,252,2898,429,9%
Fawdon,2019-10,,,,
Fenham,2019-10,771,1737,1311,28%
Gosforth,2019-10,1496,4043,5020,27%
High Heaton,2019-10,274,1381,1878,15%
Jesmond,2019-10,,,,
Kenton,2019-10,158,1342,897,21%
Moorside,2019-10,,,,
Newbiggin Hall,2019-10,,,,
Newburn,2019-10,279,521,815,15%
Outer West,2019-10,637,2688,3248,31%
Walker,2019-10,226,634,403,29%
West End,2019-10,840,2475,552,43%
Blakelaw,2019-11,150,95,93,11%
City,2019-11,9025,46800,12501,35%
Cruddas Park,2019-11,415,1164,559,23%
Denton Burn,2019-11,223,579,637,18%
Dinnington,2019-11,,,,
East End,2019-11,690,1434,935,26%
Fawdon,2019-11,,,,
Fenham,2019-11,650,1453,1310,30%
Gosforth,2019-11,2094,3538,4788,26%
High Heaton,2019-11,194,937,1463,16%
Jesmond,2019-11,,,,
Kenton,2019-11,176,815,763,18%
Moorside,2019-11,,,,
Newbiggin Hall,2019-11,,,,
Newburn,2019-11,190,457,772,13%
Outer West,2019-11,543,2719,3338,29%
Walker,2019-11,189,541,389,19%
West End,2019-11,685,2113,597,33%
Blakelaw,2019-12,,,,
City,2019-12,,,,
Cruddas Park,2019-12,,,,
Denton Burn,2019-12,,,,
Dinnington,2019-12,,,,
East End,2019-12,,,,
Fawdon,2019-12,,,,
Fenham,2019-12,,,,
Gosforth,2019-12,,,,
High Heaton,2019-12,,,,
Jesmond,2019-12,,,,
Kenton,2019-12,,,,
Moorside,2019-12,,,,
Newbiggin Hall,2019-12,,,,
Newburn,2019-12,,,,
Outer West,2019-12,,,,
Walker,2019-12,,,,
West End,2019-12,,,,
